id,date,vehicule_immat,fournisseur,numero_facture,description,type,montant_ht,montant_tva,montant_ttc,km,file_id,file_name
FA-0001,2026-05-19,ET-095-LV,,,,cession,,,,132140,1YRwHOW5k8gKrUS1Zl9i4ZCzgivLOfTji,Scan_20260520_merged-3.pdf
FA-0002,2026-05-19,ET-095-LV,,10601410565,,cession,,,392.76,,16FwVGau-_D8Xehus17gJRT83vAb5iYue,Scan_20260520_merged-1.pdf
FA-0003,2026-05-19,ET-095-LV,,,,cession,,,,,1uEUZF4DW21gwGg29QTAXlnIg9PSlXVHi,Scan_20260520_merged-2.pdf
FA-0004,2026-05-19,ET-095-LV,Autosécurité Arnouville,26118824,Procès-verbal contrôle technique périodique (résultat favorable),entretien,,,,132131,11QJmhPeL8ENb8VpuHxE1MfvNDT5jmVqZ,CT ET 095 LV.pdf
FA-0005,2026-05-19,ET-095-LV,CAR WORLD CONSULTING FRANCE,F-2026-465,Contrôle technique utilitaire avec pollution + débours carte grise + frais cession,entretien,542.76,30,572.76,132131,1TWTo8P1cBiEjmszbCV52Ei31ZDpHW3wz,Facture-TJMAX-CAR WORLD CONSULTING FRANCE-F-2026-465.pdf
FA-0006,2025-05-12,ET-095-LV,CAR WORLD CONSULTING FRANCE,F-2025-184,Régénération FAP (offerte),entretien,,,,122167,1kdVqDwRIuciEXaK-fwX9jIUa7eybgF0X,Facture-TJMAX-CAR WORLD CONSULTING FRANCE-F-2025-184.pdf
FA-0007,2025-04-04,ET-095-LV,CAR WORLD CONSULTING FRANCE,F-2025-156,Recherche de panne + réparation et nettoyage système AdBlue + reprogrammation,réparation,870,174,1044,120981,1sDfZU68K_cQ3o7NVdkfhajWdyf_tIEB1,Facture-PROJECT X PARIS RETAIL-CAR WORLD CONSULTING FRANCE-F-2025-156.pdf
FA-0008,2025-12-24,ET-095-LV,CAR WORLD CONSULTING FRANCE,F-2025-356,Remplacement 2 pneus neufs camion + montage/équilibrage,entretien,405.86,81.17,487.03,129438,1MEgzjKWU-uHIOgCiHavvdassiyK3obWT,Facture-TJMAX-CAR WORLD CONSULTING FRANCE-F-2025-356.pdf
FA-0009,2025-12-24,ET-095-LV,CAR WORLD CONSULTING FRANCE,F-2025-355,Révision constructeur + filtres + ampoules feu plaque,entretien,567.26,113.45,680.71,129438,1148uKHuIZFQ3VQTDs0Iwa16mAcs7oGS3,Facture-TJMAX-CAR WORLD CONSULTING FRANCE-F-2025-355.pdf
FA-0010,2025-12-23,ET-095-LV,CAR WORLD CONSULTING FRANCE,F-2025-354,Balais essuie-glaces AV,entretien,50,10,60,125000,1fDESoPB1uQ0eCA9XjC-O-lYE0vcG9V1B,Facture-TJMAX-CAR WORLD CONSULTING FRANCE-F-2025-354.pdf
FA-0011,2025-12-15,ET-095-LV,CAR WORLD CONSULTING FRANCE,F-2025-330,Kit distribution + pompe à eau + courroie galet + liquide refroidissement,entretien,1289.18,257.84,1547.02,124734,13tIgGp9PNAiNE4CKuyX22J0IglK8IY4Z,Facture-TJMAX-CAR WORLD CONSULTING FRANCE-F-2025-330.pdf
FA-0012,2025-12-15,ET-095-LV,CAR WORLD CONSULTING FRANCE,F-2025-331,Remplacement disques de frein AV + plaquettes,entretien,632.64,126.53,759.17,124734,1hyuVhPj3OEn0Hw4ACe_xLCZ7TliRpnll,Facture-TJMAX-CAR WORLD CONSULTING FRANCE-F-2025-331.pdf
FA-0013,2025-12-15,ET-095-LV,CAR WORLD CONSULTING FRANCE,F-2025-332,Triangles de train AV gauche + droit + parallélisme,réparation,888.65,177.73,1066.38,124734,1mqlE2efOk3d_bcqYJh8qGfjo02AT1Gui,Facture-TJMAX-CAR WORLD CONSULTING FRANCE-F-2025-332.pdf
FA-0014,2025-08-25,ET-095-LV,CAR WORLD CONSULTING FRANCE,F-2025-267,Remplacement complet système dépollution AdBlue + entretien + reprogrammation,réparation,5997.02,1199.41,7196.43,125504,1gKC7DzGKbBmjbXHRzJLYxKKLmWFTZgsK,Facture-TJMAX-CAR WORLD CONSULTING FRANCE-F-2025-267.pdf
FA-0015,2025-08-20,ET-095-LV,CAR WORLD CONSULTING FRANCE,F-2025-263,"Révision constructeur (huile, filtres) + pack air pur + AdBlue",entretien,643.87,128.77,772.64,95385,14Fero8Sa9c3eF0F2eSgbAzLdEFDnKvCu,Facture-TJMAX-CAR WORLD CONSULTING FRANCE-F-2025-263.pdf
FA-0016,2025-06-03,ET-095-LV,CAR WORLD CONSULTING FRANCE,F-2025-196,Sonde aval + opération complexe + carburant Excellium,réparation,428.58,85.72,514.3,123623,1zsOiANi7gG_99UMrzqXLAJ-_VjHuuzqB,Facture-TJMAX-CAR WORLD CONSULTING FRANCE-F-2025-196.pdf
FA-0017,2025-05-03,ET-095-LV,CAR WORLD CONSULTING FRANCE,F-2025-179,Tuyau lave-vitre + lave-glace,réparation,100,20,120,121907,1vRiF64Q1_L6BQE1z3bdOM7EhgpdOdsY3,Facture-TJMAX-CAR WORLD CONSULTING FRANCE-F-2025-179.pdf
FA-0018,2025-04-28,ET-095-LV,CAR WORLD CONSULTING FRANCE,F-2025-173,Recherche de panne + capteur pression différentiel + capteur température + nettoyage FAP,réparation,662.11,132.42,794.53,121633,1PCqNsI-fy4LRUdvyWWARxFIS1WFNU2ni,Facture-TJMAX-CAR WORLD CONSULTING FRANCE-F-2025-173.pdf
FA-0019,2025-04-16,ET-095-LV,CAR WORLD CONSULTING FRANCE,F-2025-163,Kit embrayage + volant moteur + huile de boîte (opération complexe 8h),réparation,2414.96,482.99,2897.95,121427,13aoACFI5ZdLMJ9c4Mks8caP6f_Dz83NZ,Facture-PROJECT X PARIS RETAIL-CAR WORLD CONSULTING FRANCE-F-2025-163.pdf
FA-0020,2025-04-16,ET-095-LV,CAR WORLD CONSULTING FRANCE,F-2025-164,,réparation,639.48,127.9,767.38,121427,11484kFf8tEsfmU07-gwjUZuSP2Uxwa34,Facture-PROJECT X PARIS RETAIL-CAR WORLD CONSULTING FRANCE-F-2025-164.pdf
FA-0021,2026-05-19,GC-885-LB,,,,autre,,,,,1quikDnxgzsnHTOmJVP-r2q-UaNMLJnoG,GC885LB.pdf
FA-0022,2023-10-25,GC-885-LB,PORSCHE Distribution (Centre Levallois),24/2310/100046,Achat véhicule PORSCHE Taycan Turbo S occasion + carte grise + Coyote Secure + Porsche Approved 36 mois,achat,168905.63,178.37,169084,11201,1TV8enZGGFd4tlM6vegj7LTldZ58u8Xr0,GC-885-LB FACTURE D ACHAT.pdf
FA-0023,2026-05-18,GC-885-LB,CAR WORLD CONSULTING FRANCE,F-2026-464,4 pneus neufs Pirelli normes Porsche + montage + équilibrage,entretien,1693.44,338.69,2032.13,51401,1c6-qpStltAGkclCbf-9ZJAvObGtxzRmR,Facture-TJMAX-CAR WORLD CONSULTING FRANCE-F-2026-464.pdf
FA-0024,2026-02-26,GC-885-LB,CAR WORLD CONSULTING FRANCE,F-2026-418,,réparation,185,37,222,48585,1_Ymew6LzPVWJKharKGh6AekT-khbSWnf,Facture-TJMAX-CAR WORLD CONSULTING FRANCE-F-2026-418.pdf
FA-0025,2026-02-13,GC-885-LB,CAR WORLD CONSULTING FRANCE,F-2026-413,Balais essuie-glaces AV + AR + lave-glace,entretien,88.23,17.65,105.88,48088,1uCk_pVCS6dbhHGnJTM2EBinDdk6MxnUG,Facture-TJMAX-CAR WORLD CONSULTING FRANCE-F-2026-413.pdf
FA-0026,2026-01-22,GC-885-LB,CAR WORLD CONSULTING FRANCE,F-2026-381,4 pneus neufs Pirelli normes Porsche + parallélisme/géométrie,entretien,2065.38,413.08,2478.46,47019,1RhETYBYcIJePtZ2UDbZJWPQ4-2vAbYuf,Facture-TJMAX-CAR WORLD CONSULTING FRANCE-F-2026-381.pdf
FA-0027,2025-02-11,GC-885-LB,CARROSSERIE GLOBAUTO SAS,20181022/1,"Réparation collision sinistre MACIF (aile AVD, projecteur, clignotant, bouclier) - franchise 900€",sinistre,4287.97,857.59,5145.56,27747,1PavdiByJcVBtutHq__O1gzbTKEZmsJy1,20250418172247.pdf
FA-0028,2025-04-18,GC-885-LB,PORSCHE Distribution (Centre Levallois),42/2504/100713,Diagnostic feux croisement/route + dépose-pose optique AVD + ventilateur de projecteur + couvercle,réparation,322.46,64.49,386.95,32817,1mO7Rh0L6U8nuVNRVtbkHkJ_9YlgE45Kc,Porsche FAC 422503100543.pdf
FA-0029,2025-10-17,GC-885-LB,CAR WORLD CONSULTING FRANCE,F-2025-287,Présentation contrôle technique véhicule électrique 4 roues motrices,entretien,125,25,150,43018,17K4PxhewRhXGPscNJS8YuohwhKkEzIFO,Facture-TJMAX-CAR WORLD CONSULTING FRANCE-F-2025-287.pdf
FA-0030,2025-06-04,GC-885-LB,CAR WORLD CONSULTING FRANCE,F-2025-200,Miroir rétroviseur droit Porsche + peinture coquille,réparation,440.7,88.14,528.84,33890,1uHTwqZVj2USrMql_FtdwaiCAKh-1Va8k,Facture-TJMAX-CAR WORLD CONSULTING FRANCE-F-2025-200.pdf
FA-0031,2025-03-14,GC-885-LB,CAR WORLD CONSULTING FRANCE,F-2025-147,Débours TVA carrosserie AD (refacturation TVA Globauto sinistre),sinistre,857.59,,857.59,,1Py0CTKvemTBZST0HxHk9YL1M17-NBZqs,Facture-TJMAX-CAR WORLD CONSULTING FRANCE-F-2025-147 (1).pdf
FA-0032,2025-02-11,GC-885-LB,CARROSSERIE GLOBAUTO SAS,20181022/1,"Réparation collision sinistre MACIF (aile AVD, projecteur, clignotant, bouclier) - franchise 900€",sinistre,4287.97,857.59,5145.56,27747,17Q3Sxy-CW-dF6YY1sMHqvl6aA2oUtpzh,AD 11/02/25.pdf
FA-0033,2025-11-24,GC-885-LB,Verspieren,ALM 30643479,Courrier sinistre bris de glace (déclaration) - en attente de facture,sinistre,,,,,1m254bnFgOk6AmJVqDbhE0_MVoWiSYBK5,24665111.PDF
FA-0034,2025-02-11,GC-885-LB,CARROSSERIE GLOBAUTO SAS,20181022/1,Réparation collision sinistre MACIF (duplicata dans dossier SINISTRES),sinistre,4287.97,857.59,5145.56,27747,1vvas2wCZ0aMv65PD0i6DAydxUx-mPwsl,20250418172247.pdf
FA-0035,2024-11-22,GC-885-LB,PORSCHE Distribution (Centre Levallois),45/2411/102132,"Réparation sinistre AVG (crémaillère, porte fusée, triangle, barre stabilisatrice, bas de caisse) - MACIF",sinistre,10359.45,2071.89,12431.34,24845,1TYNXQ1IFiBIhofPU1l_uuw8JmJYIgz0W,20250127132607.pdf
FA-0036,2026-05-19,GR-019-ZG,,,,autre,,,,,16GL3mXJIg3i0GgJqOQZ7Ioj1AB_9Fk2X,Code cession GR-019-ZG.pdf
FA-0037,2025-11-03,GR-019-ZG,SARL GARAGE FERREIRA (Agent Renault/Dacia),155976,Forfait révision NPE Essentielle Sérénité + liquide de frein + plaquettes de frein AV,entretien,301.5,60.31,361.81,52251,1FWpmQKUTFLX7etZEFXxEgq2zUzdAkaoG,REVISION 03/11/2025.pdf
FA-0038,2026-05-07,GR-019-ZG,CAR WORLD CONSULTING FRANCE,F-2026-457,Tuyau climatisation + recherche fuite + recharge gaz 1234YF,réparation,565,113,678,61828,1pynuOwHqY1PsPwfzi5-rk-MKGdXFioE1,Facture-TJMAX-CAR WORLD CONSULTING FRANCE-F-2026-457.pdf
FA-0039,2026-05-07,GR-019-ZG,CAR WORLD CONSULTING FRANCE,F-2026-456,Révision constructeur + freinage AV + pneus + courroie + bougies + bobines + liquides,entretien,2334.77,466.95,2801.72,61828,16GTcE2uanYBhSOojsKjy7I04SfaubYLo,Facture-TJMAX-CAR WORLD CONSULTING FRANCE-F-2026-456.pdf
FA-0040,2026-05-30,GA-313-PK,,,,autre,,,,,10fOJVx67PXH6ZkY8y_e8TBeN3lHwUuoL,Code cession GA-313-PK.pdf
FA-0041,2025-12-15,GA-313-PK,CAR WORLD CONSULTING FRANCE,F-2025-333,Étrier de frein AR gauche + plaquettes AR (fuite étrier),réparation,1049.18,209.84,1259.02,111969,1LmzBn6PUfGynbRxE3kj59TDjVMRE5wPe,Facture-TJMAX-CAR WORLD CONSULTING FRANCE-F-2025-333.pdf
FA-0042,2025-12-15,GA-313-PK,CAR WORLD CONSULTING FRANCE,F-2025-328,Batterie camion + déblocage hayon,réparation,626.08,125.22,751.3,111969,1OSZZaD9YOnlcfkIZv5JEmRXOz04EjIfU,Facture-TJMAX-CAR WORLD CONSULTING FRANCE-F-2025-328.pdf
FA-0043,2025-12-04,GA-313-PK,CAR WORLD CONSULTING FRANCE,F-2025-307,Réparation hayon Dhollandia (manipulateur + télécommande) + contrôle hydrotest,réparation,694.66,138.92,833.58,111366,1tPDpUahZPygAWlk-IYrLxaL_GA9KarM6,Facture-TJMAX-CAR WORLD CONSULTING FRANCE-F-2025-307.pdf
FA-0044,2025-11-19,GA-313-PK,CAR WORLD CONSULTING FRANCE,F-2025-298,2 pneus camion renforcés AR + montage + équilibrage,entretien,370,74,444,110728,1YzuQe9auiDegghTIkk7ovEVbgKbxMPNt,Facture-TJMAX-CAR WORLD CONSULTING FRANCE-F-2025-298.pdf
FA-0045,2025-11-19,GA-313-PK,CAR WORLD CONSULTING FRANCE,F-2025-299,Vidange huile moteur 5W30 Iveco + filtre à huile + lave-glace hiver,entretien,429.75,85.95,515.7,110728,1KlDEKyQaf9BnQhYptio4atbbPWEiRs2I,Facture-TJMAX-CAR WORLD CONSULTING FRANCE-F-2025-299.pdf
FA-0046,2025-08-20,GA-313-PK,CAR WORLD CONSULTING FRANCE,F-2025-265,2 pneus camion renforcés AV + montage + équilibrage,entretien,416.2,83.24,499.44,105399,1pdInhWeKq6o07SbT2baMkqL7upulkyX3,Facture-TJMAX-CAR WORLD CONSULTING FRANCE-F-2025-265.pdf
FA-0047,2025-08-20,GA-313-PK,CAR WORLD CONSULTING FRANCE,F-2025-264,,entretien,1001.72,200.34,1202.06,105399,1xuu8iv0M38sFDMXMUN4riIV1sKPeUziC,Facture-TJMAX-CAR WORLD CONSULTING FRANCE-F-2025-264.pdf
FA-0048,2025-07-25,GA-313-PK,CAR WORLD CONSULTING FRANCE,F-2025-234,,réparation,663.54,132.71,796.25,104645,1AQr6qo00QDOgOq2gsB4HOJJU_d-55j2t,Facture-TJMAX-CAR WORLD CONSULTING FRANCE-F-2025-234.pdf
FA-0049,2025-07-25,GA-313-PK,CAR WORLD CONSULTING FRANCE,F-2025-236,Réfection boîte de vitesses automatique camion + étanchéité sortie kit,réparation,1365.79,273.16,1638.95,104645,1Ro34Q6LRF65Z0zOjBLCOq581WaLaqOMj,Facture-TJMAX-CAR WORLD CONSULTING FRANCE-F-2025-236.pdf
FA-0050,2025-07-25,GA-313-PK,CAR WORLD CONSULTING FRANCE,F-2025-237,,réparation,512.72,102.54,615.26,104645,19PbKQsp_8ilFlW1CGRCfPR4ogPxkgxUj,Facture-TJMAX-CAR WORLD CONSULTING FRANCE-F-2025-237.pdf
FA-0051,2025-07-25,GA-313-PK,CAR WORLD CONSULTING FRANCE,F-2025-242,Présentation contre-visite contrôle technique,entretien,50,10,60,104645,19af7sOjk2DUV1Y9NucryGoc0DN7mqqMM,Facture-TJMAX-CAR WORLD CONSULTING FRANCE-F-2025-242.pdf
FA-0052,2025-07-25,GA-313-PK,CAR WORLD CONSULTING FRANCE,F-2025-235,,réparation,5612.74,1122.55,6735.29,104645,1sJcYK0TzlthoiNrlcDIF35JVRwYz-Yqc,Facture-TJMAX-CAR WORLD CONSULTING FRANCE-F-2025-235.pdf
FA-0053,2025-07-02,GA-313-PK,CAR WORLD CONSULTING FRANCE,F-2025-221,Prestation présentation contrôle technique camion,entretien,80,16,96,104656,1bSg9KSw0KYoUCngtmHB4mxSghKpokGKO,Facture-TJMAX-CAR WORLD CONSULTING FRANCE-F-2025-221 (1).pdf
FA-0054,2025-03-01,GA-313-PK,CAR WORLD CONSULTING FRANCE,F-2025-137,"Entretien complet camion (huile, filtres, balais, lave-glace, liquides)",entretien,729.3,145.86,875.16,100501,1h9N3DBMfdcNiofs1rOCib0sXV10OFaAn,Facture-TJMAX-CAR WORLD CONSULTING FRANCE-F-2025-137.pdf
FA-0055,2026-04-25,GA-313-PK,CAR WORLD CONSULTING FRANCE,F-2026-450,Kit réfection et vidange BVA camion + pont AR + liquide refroidissement + diagnostic,réparation,2088.17,417.63,2505.8,114325,1aObFM92EyBewMUgkn4tgqQau74Frt5uo,Facture-TJMAX-CAR WORLD CONSULTING FRANCE-F-2026-450.pdf
FA-0056,2026-04-16,GA-313-PK,CAR WORLD CONSULTING FRANCE,F-2026-446,Remplacement amortisseurs + pièces + dégrippant,réparation,710.7,142.14,852.84,114301,1nfA7OZLXt_cy66zo9BUFTx4YM6KUck5n,Facture-TJMAX-CAR WORLD CONSULTING FRANCE-F-2026-446.pdf
FA-0057,2026-04-16,GA-313-PK,CAR WORLD CONSULTING FRANCE,F-2026-447,Étriers + disques + plaquettes AV/AR + liquide de frein + roulement de roue AR D + moyeu,réparation,3742.43,748.49,4490.92,114301,1hgDLKTFyNr8uz7uYH7Ftn15PkjPiJeLK,Facture-TJMAX-CAR WORLD CONSULTING FRANCE-F-2026-447.pdf
FA-0058,2026-05-30,FZ-501-YZ,,,,autre,,,,,1fJsEeuNjWWEmDg9uBbXr1xE7ryWj8khB,Code cession FZ-501-YZ.pdf
FA-0059,2026-01-28,FZ-501-YZ,CAR WORLD CONSULTING FRANCE,F-2026-388,Freinage AR (disques + plaquettes),réparation,598.63,119.73,718.36,145155,17OlY6LreToqYlkjTW27smlHKYEDxsmKG,Facture-TJMAX-CAR WORLD CONSULTING FRANCE-F-2026-388.pdf
FA-0060,2026-01-28,FZ-501-YZ,CAR WORLD CONSULTING FRANCE,F-2026-387,Vidange BVA Renault DW5 + liquide refroidissement + nettoyant frein,entretien,496.59,99.32,595.91,145155,1hgVOF6wtHmoA0U3_MdVYZ93LoUNMYO9F,Facture-TJMAX-CAR WORLD CONSULTING FRANCE-F-2026-387.pdf
FA-0061,2026-01-16,FZ-501-YZ,CAR WORLD CONSULTING FRANCE,F-2026-370,"Révision constructeur (huile RN17 5W30, filtres) + bougies + courroie accessoires + pack air pur",entretien,798.21,159.65,957.86,144974,1elrCPUcrziXqV2tun-jIiCCZIsa72Pl4,Facture-TJMAX-CAR WORLD CONSULTING FRANCE-F-2026-370.pdf
FA-0062,2025-05-03,FZ-501-YZ,MONDIAL AUTO CONTROLE SECURITE (Autovision),25057203,"Procès-verbal contrôle technique périodique (résultat favorable, défaillance mineure feu de brouillard)",entretien,,,,133552,158k0QKD2ipSpduy86HRY_N4nJ6lAC_ls,CT Kadjar (1).pdf
FA-0063,2025-01-31,FZ-501-YZ,Renault Care Service (Alliance Oise),46-434443,Forfait révision intégrale RN17/05W30 + liquide de frein + plaquettes AR + 4 pneus Continental 215/60 R17,entretien,1327.94,265.59,1593.53,127727,1_U7voPjf8GCc8ukjflOt5HFYH2K5C9rV,b16b8lxbhfwlix_8248660.pdf
FA-0064,2025-06-26,FZ-501-YZ,CAR WORLD CONSULTING FRANCE,F-2025-208,,réparation,327.25,65.45,392.7,135037,1O8hpCMoDvlM0jPddYv7E3OgV8q63usUf,Facture-TJMAX-CAR WORLD CONSULTING FRANCE-F-2025-208.pdf
FA-0065,2025-06-26,FZ-501-YZ,CAR WORLD CONSULTING FRANCE,F-2025-211,Remplacement freinage AV (disques + plaquettes origine),entretien,499.94,99.99,599.93,135037,1E8X8pSxaqzVa5GwPc0iDJft5TdOrv9Lb,Facture-TJMAX-CAR WORLD CONSULTING FRANCE-F-2025-211.pdf
FA-0066,2025-06-26,FZ-501-YZ,CAR WORLD CONSULTING FRANCE,F-2025-209,,réparation,1739.93,347.99,2087.92,135037,1dm1JM2wVMrR9ORu7TISp38QZVcusa0II,Facture-TJMAX-CAR WORLD CONSULTING FRANCE-F-2025-209.pdf
FA-0067,2025-06-27,FZ-501-YZ,CAR WORLD CONSULTING FRANCE,F-2025-213,Complément carburant Excellium,entretien,50,10,60,135150,1cFqNA1Q_058V4SvipwzunnYe62nnQYwu,Facture-TJMAX-CAR WORLD CONSULTING FRANCE-F-2025-213.pdf
FA-0068,2026-05-30,GT-818-LC,,,,autre,,,,,1vSq_pkdCCb__OE9FHSdBQwCeDWPBOxEw,2x Code cession GT-818-LC.pdf
FA-0069,2023-12-22,GT-818-LC,Aramisauto SAS,R418666,Achat véhicule MG MG4 Electric 51kWh 125 kW 2WD neuf + immatriculation + livraison + tatouage,achat,20601.43,4115.33,24716.76,10,1nFhfXRRd7zVs1nsShySs-ws2PPBq-Ftt,GT-818-LC FACTURE D ACHAT.pdf
FA-0070,2025-10-14,GT-818-LC,CAR WORLD CONSULTING FRANCE,F-2025-285,Gardiennage pneus 16 pouces 6 mois + forfait permutation 4 roues,entretien,264.12,52.82,316.94,38117,1OCiQxPmu_XE97IJ8lX6620FmTKH3IKiG,Facture-TJMAX-CAR WORLD CONSULTING FRANCE-F-2025-285.pdf
FA-0071,2025-04-17,GT-818-LC,CAR WORLD CONSULTING FRANCE,F-2025-167,Forfait permutation + gardiennage pneus 16 pouces 6 mois,entretien,254.32,50.86,305.18,29719,1N1-XXxh0CWMIhrSMBhO_zNXdrP-kRaNQ,Facture-TJMAX-CAR WORLD CONSULTING FRANCE-F-2025-167.pdf
FA-0072,2025-01-28,GT-818-LC,CAR WORLD CONSULTING FRANCE,F-2025-112,"Entretien chez le constructeur (filtre habitacle, liquide de frein, lave-glace, MAJ système)",entretien,245.48,49.1,294.58,25093,1Z4HH3HpZfoZXnmAVUmIMPrVXwq6TUaHg,Facture-TJMAX-CAR WORLD CONSULTING FRANCE-F-2025-112.pdf
FA-0073,2026-04-01,GT-818-LC,CAR WORLD CONSULTING FRANCE,F-2026-439,Bielettes + rotules de direction + barre stabilisatrice + géométrie,réparation,1104.94,220.99,1325.93,46696,1ptn_KgNu7eOiwQJV_W8jTIsTsbOt_ULr,Facture-TJMAX-CAR WORLD CONSULTING FRANCE-F-2026-439.pdf
FA-0074,2026-03-23,GT-818-LC,CAR WORLD CONSULTING FRANCE,F-2026-431,Gardiennage 4 pneus + forfait permutation + lave-glace,entretien,295.16,59.03,354.19,46275,1dstt6Vh7ni88Eb5DS8HM_6gaFJ5gm2EL,Facture-TJMAX-CAR WORLD CONSULTING FRANCE-F-2026-431.pdf
FA-0075,2026-01-14,GT-818-LC,CAR WORLD CONSULTING FRANCE,F-2026-365,,réparation,370.7,74.14,444.84,42565,1gy6r1nyFrix1l1MDX4JKDtHh9wGWIpfH,Facture-TJMAX-CAR WORLD CONSULTING FRANCE-F-2026-365.pdf
FA-0076,2026-01-14,GT-818-LC,CAR WORLD CONSULTING FRANCE,F-2026-364,Freinage AV + freinage AR (réf constructeur),entretien,971.98,194.39,1166.37,42565,1WPe0D5a5wZWQr7TYpzseERe78v64IQuo,Facture-TJMAX-CAR WORLD CONSULTING FRANCE-F-2026-364.pdf
FA-0077,2026-01-05,GT-818-LC,CAR WORLD CONSULTING FRANCE,F-2026-360,Révision constructeur + balais essuie-glaces AV + lave-glace -20°,entretien,320.48,64.1,384.58,42000,1tQ-E9WnMprACAsrG9A7ESMSaJjRpeghp,Facture-TJMAX-CAR WORLD CONSULTING FRANCE-F-2026-360.pdf
FA-0078,2025-12-16,GH-994-AR,CAR WORLD CONSULTING FRANCE,F-2025-334,Pneus neufs AV (2 unités) + pack service premium,entretien,368,73.6,441.6,132029,1Q4THsbe21yAZhI_xqf0p2uoOEIEO3N6I,Facture-TJMAX-CAR WORLD CONSULTING FRANCE-F-2025-334.pdf
FA-0079,2025-12-12,GH-994-AR,CAR WORLD CONSULTING FRANCE,F-2025-327,,entretien,789.04,157.82,946.86,131715,1Vn7B4WRZnWYAuxDwtTuOSZi-dUZy4KW1,Facture-TJMAX-CAR WORLD CONSULTING FRANCE-F-2025-327.pdf
FA-0080,2025-03-28,GH-994-AR,CAR WORLD CONSULTING FRANCE,F-2025-153,Prestation présentation contre-visite CT,autre,50,10,60,114515,1r5McHxe_NWf7lmFe_Nfyv-8cWFO63chM,Facture-TJMAX-CAR WORLD CONSULTING FRANCE-F-2025-153 (1).pdf
FA-0081,2025-03-25,GH-994-AR,CAR WORLD CONSULTING FRANCE,F-2025-150,Prestation présentation CT,autre,66.67,13.33,80,114499,1ZLG5MHcit4nUSNE1eFJgY14lkXzhsvQy,Facture-TJMAX-CAR WORLD CONSULTING FRANCE-F-2025-150.pdf
FA-0082,2026-04-15,GH-994-AR,CAR WORLD CONSULTING FRANCE,F-2026-444,Protection sous-moteur complet Renault + lave-glace,réparation,345,69,414,140426,1lfaN7_jc_V9lNWk0e2FqEEUf3Tp_I5QR,Facture-TJMAX-CAR WORLD CONSULTING FRANCE-F-2026-444.pdf
FA-0083,2026-04-16,GH-994-AR,CAR WORLD CONSULTING FRANCE,F-2026-445,,réparation,906.77,181.35,1088.12,140485,1g-SZLW2Slx5IX_uJwQjUZuoT6Bb-kZBc,Facture-TJMAX-CAR WORLD CONSULTING FRANCE-F-2026-445.pdf
FA-0084,2026-03-18,GH-994-AR,CAR WORLD CONSULTING FRANCE,F-2026-429,Kit embrayage + volant moteur bimasse + huile boîte + pneus neufs + batterie télécommande (bruit chaîne distribution),réparation,2406.22,481.24,2887.46,138400,1DlY_ihGGwU0mwwYuseGYKb5TZMpDja79,Facture-TJMAX-CAR WORLD CONSULTING FRANCE-F-2026-429.pdf
FA-0085,2026-03-18,GH-994-AR,CAR WORLD CONSULTING FRANCE,F-2026-430,Batterie Renault avec remplacement,réparation,328,65.6,393.6,138400,1COWUSLIYbHKLhcuYyn3Cn02HTKRZeKzC,Facture-TJMAX-CAR WORLD CONSULTING FRANCE-F-2026-430.pdf
FA-0086,2024-04-10,GW-087-EZ,ELITE AUTO,1FVN001560,Achat véhicule neuf Peugeot 5008 PureTech 130 EAT8 Active Pack + carte grise + pack livraison,achat,27323.59,5144.17,32467.76,10,1p3mNIjC57jDTKcGPRrnUJ_1Drx0ppOVd,GW-087-EZ FACTURE D ACHAT.pdf
FA-0087,2025-10-22,GW-087-EZ,AUTOMOBILES LECOMTE (SAS Garage du Pylone),2025005834,Remplacement pneu ARD Michelin Primacy 4 + forfait montage équilibrage,entretien,150.98,30.2,181.18,43224,1gPrkzJO5Rr6w__255pfhJH2qGVtCpC5h,20251023083723603.pdf
FA-0088,2025-09-11,GW-087-EZ,AUTOMOBILES LECOMTE (SAS Garage du Pylone),2025004940,Remplacement pile de clé,entretien,4.27,0.85,5.12,35625,1nSmRlaSStk-xFiNA5NU9kOgsqN8uGqbg,20250911141302750.pdf
FA-0089,2025-07-31,GW-087-EZ,AUTOMOBILES LECOMTE (SAS Garage du Pylone),2025004171,,entretien,752.49,150.5,902.99,35625,1VQ_eVFb6rgBYSwhXONW4toCLsUwtBEhY,20250731090549806.pdf
FA-0090,2025-07-31,GW-087-EZ,AUTOMOBILES LECOMTE (SAS Garage du Pylone),2025004170,AVOIR sur facture 2025004026 (annulation entretien complet),autre,-613.37,-122.67,-736.04,35625,1sLTuCSaKlz4TUxqeAgOHUzQEjtZnNboB,20250801105802346.pdf
FA-0091,2025-07-24,GW-087-EZ,AUTOMOBILES LECOMTE (SAS Garage du Pylone),2025004026,,entretien,613.37,122.67,736.04,35625,1Mdg_3x3QfT9PJM1C4ZCkD7e6TBmT8Rez,20250725082131414.pdf
FA-0092,2026-02-05,GW-087-EZ,AUTOMOBILES LECOMTE (SAS Garage du Pylone),2026000731,Remplacement disques + plaquettes frein AV/AR + révision + liquide de frein + réparation crevaison + klaxon,réparation,965.67,193.43,1158.8,50230,1IwUYEJnIULeC--dJWOi4CvmswN9gDigQ,20260209084855662.pdf
FA-0093,2025-11-21,GP-333-QJ,CAR WORLD CONSULTING FRANCE,F-2025-300,,réparation,611.35,122.27,733.62,88813,11iz4_7OIvVtzlOJ2Ya1HGE-KT_P0XoMt,Facture-TJMAX-CAR WORLD CONSULTING FRANCE-F-2025-300.pdf
FA-0094,2025-10-20,GP-333-QJ,CAR WORLD CONSULTING FRANCE,F-2025-290,,réparation,260.03,52.01,312.04,87220,14HLILn31qs47ojpcqevTW-KX-u9qEWj6,Facture-TJMAX-CAR WORLD CONSULTING FRANCE-F-2025-290.pdf
FA-0095,2025-10-17,GP-333-QJ,CAR WORLD CONSULTING FRANCE,F-2025-289,Kit distribution complet PSA PureTech + pignons + nettoyage crépine + révision constructeur,réparation,1981.3,396.26,2377.56,87220,1mKIDNwrnJQmXnojJ3O3sH2VYlJQ3nTrD,Facture-TJMAX-CAR WORLD CONSULTING FRANCE-F-2025-289.pdf
FA-0096,2025-10-17,GP-333-QJ,CAR WORLD CONSULTING FRANCE,F-2025-288,,réparation,227.79,45.56,273.35,87220,1m5AwuEQOaQhdmtpArkBkD9RbVSL4-vgC,Facture-TJMAX-CAR WORLD CONSULTING FRANCE-F-2025-288.pdf
FA-0097,2025-07-04,GP-333-QJ,CAR WORLD CONSULTING FRANCE,F-2025-222,"Réparation suite sinistre 10/06/2025 - pare-chocs AR complet, enjoliveurs, feux, etc. (APO 30616044)",sinistre,3513.5,702.72,4216.22,79147,1yc2YJRjAeoSJOIbp2pzarPfzFsOQu_a8,Facture-TJMAX-CAR WORLD CONSULTING FRANCE-F-2025-222.pdf
FA-0098,2025-06-17,GP-333-QJ,CAR WORLD CONSULTING FRANCE,F-2025-202,Révision constructeur (voyant rouge huile moteur),entretien,198,39.6,237.6,78465,1loqTj1ckZ2XOLA5rGrRUwlVsVUWqhUIs,Facture-TJMAX-CAR WORLD CONSULTING FRANCE-F-2025-202.pdf
FA-0099,2025-06-17,GP-333-QJ,CAR WORLD CONSULTING FRANCE,F-2025-203,Remplacement freinage : disques et plaquettes AV (disques AV hors cotes),réparation,540.93,108.19,649.12,78465,1Ciu4_XzhLhI5MMUNxic34Nv8JUK9WASv,Facture-TJMAX-CAR WORLD CONSULTING FRANCE-F-2025-203.pdf
FA-0100,2025-01-30,GP-333-QJ,CAR WORLD CONSULTING FRANCE,F-2025-113,Absorbeur pare-chocs AR + dépose/pose pare-choc AR + capteurs AR + traverse AR,réparation,672.57,134.52,807.09,68684,1u5XIsPYz1tjCmGrgKQf5GBVVqoMtE0dg,Facture-TJMAX-CAR WORLD CONSULTING FRANCE-F-2025-113.pdf
FA-0101,2025-01-27,GP-333-QJ,CAR WORLD CONSULTING FRANCE,F-2025-110,"Entretien complet PSA (huile, filtres, bougies, lave-glace, balais) + carburant Excellium",entretien,498.24,99.65,597.89,68960,1VvbubNvycg6cEAv7aEh_hlAeqwixoH88,Facture-TJMAX-CAR WORLD CONSULTING FRANCE-F-2025-110.pdf
FA-0102,2025-01-27,GP-333-QJ,CAR WORLD CONSULTING FRANCE,F-2025-111,Disques et plaquettes de frein AR,réparation,429.91,85.98,515.89,68960,1W0wbIXLBog5e53Vm2etKzr5uprKvKwQk,Facture-TJMAX-CAR WORLD CONSULTING FRANCE-F-2025-111.pdf
FA-0103,2025-01-21,GP-333-QJ,CAR WORLD CONSULTING FRANCE,F-2025-100,Prestation présentation contrôle technique,autre,66.67,13.33,80,68684,1OBokyDsJqa1_OQzBSZgwcfs2TtfgSPxh,Facture-TJMAX-CAR WORLD CONSULTING FRANCE-F-2025-100 (1).pdf
FA-0104,2026-04-30,GP-333-QJ,CAR WORLD CONSULTING FRANCE,F-2026-452,,entretien,775.96,155.2,931.16,98751,13uvXnfNYlVzleXi___sUeMkoiHR0YK6Z,Facture-TJMAX-CAR WORLD CONSULTING FRANCE-F-2026-452.pdf
FA-0105,2020-06-30,FR-141-MP,CCB IMPORT,6228,Achat véhicule Opel Vivaro FGN L3H1 2.0 Diesel 120 Pack Clim neuf 0km + carte grise + plaques,achat,18513.76,3630,22143.76,10,1E71j1YDtMXOVD9Rx3QZq_vUD-xC_GFnS,FR-141-MP FACTURE D ACHAT.pdf
FA-0106,2025-12-31,FR-141-MP,CAR WORLD CONSULTING FRANCE,F-2025-359,Révision constructeur + filtre à gasoil + pack air pur + filtres + balais + ampoule,entretien,646.91,129.38,776.29,98608,1f-To69sREIot7ZZ5M2bmH6TGWaCbTyvm,Facture-TJMAX-CAR WORLD CONSULTING FRANCE-F-2025-359.pdf
FA-0107,2025-12-19,FR-141-MP,CAR WORLD CONSULTING FRANCE,F-2025-344,Débours TVA facture 2025-315 (sinistre pare-brise),sinistre,236.31,,236.31,98029,1uRsQ1LJiqILTt5aAWyQA63LCK67FoUZG,Facture-TJMAX-CAR WORLD CONSULTING FRANCE-F-2025-344.pdf
FA-0108,2025-12-09,FR-141-MP,CAR WORLD CONSULTING FRANCE,F-2025-317,Prestation présentation contre-visite CT pour CTTE,autre,50,10,60,98109,1GjFvT-Vr0Lb_O6F24wZ2aPq-S7aqtWHz,Facture-TJMAX-CAR WORLD CONSULTING FRANCE-F-2025-317.pdf
FA-0109,2025-12-08,FR-141-MP,CAR WORLD CONSULTING FRANCE,F-2025-314,,réparation,709.62,141.92,851.54,98029,1AiOuLtZRFgsEaM5ho4KgsGbR-0KrfqCv,Facture-TJMAX-CAR WORLD CONSULTING FRANCE-F-2025-314.pdf
FA-0110,2025-12-08,FR-141-MP,CAR WORLD CONSULTING FRANCE,F-2025-313,Kit plaquettes de frein + remplacement ampoule,réparation,271.4,54.28,325.68,98029,1ZOER3rFiJV9sCavJnQgghOxpVXE-sbNp,Facture-TJMAX-CAR WORLD CONSULTING FRANCE-F-2025-313.pdf
FA-0111,2025-12-08,FR-141-MP,CAR WORLD CONSULTING FRANCE,F-2025-315,,sinistre,1181.55,236.31,1417.86,98029,1KspxzEuHJX8RFCgzSorCmv45n_0BbDpQ,Facture-TJMAX-CAR WORLD CONSULTING FRANCE-F-2025-315.pdf
FA-0112,2025-12-03,FR-141-MP,CAR WORLD CONSULTING FRANCE,F-2025-303,Prestation présentation CT pour CTTE + pollution,autre,100,20,120,97512,1bAycGocYogYY5pi-IxuJGQcX2NNxUi4c,Facture-TJMAX-CAR WORLD CONSULTING FRANCE-F-2025-303.pdf
FA-0113,2025-06-27,FR-141-MP,CAR WORLD CONSULTING FRANCE,F-2025-212,,réparation,299.92,59.98,359.9,94870,1xaWW83cj8vBXGIbdtnYlAevvzTsYvTJB,Facture-TJMAX-CAR WORLD CONSULTING FRANCE-F-2025-212.pdf
FA-0114,2025-05-19,FR-141-MP,CAR WORLD CONSULTING FRANCE,F-2025-188,Vidange boîte de vitesses manuelle + carburant Excellium,entretien,223.9,44.78,268.68,92942,1yN1t66a8U4o27cLUAyf6J2yQDnQDYORQ,Facture-TJMAX-CAR WORLD CONSULTING FRANCE-F-2025-188.pdf
FA-0115,2025-03-14,FR-141-MP,CAR WORLD CONSULTING FRANCE,F-2025-146,"Système AdBlue - recherche panne, dépose/pose, nettoyage, remplissage + additif (voyant AdBlue)",réparation,109.95,21.99,131.94,90445,1pO_hZBYI1MAao1ZPTwfF4G0wTZVqrdiy,Facture-TJMAX-CAR WORLD CONSULTING FRANCE-F-2025-146.pdf
FA-0116,2025-01-21,FR-141-MP,CAR WORLD CONSULTING FRANCE,F-2025-99,2 ampoules,réparation,21,4.2,25.2,,1J_Sq2auF1KLYLnlcnyDF8F5HLs5NhlXU,Facture-TJMAX-CAR WORLD CONSULTING FRANCE-F-2025-99.pdf
FA-0117,2025-12-10,GE-948-WY,CAR WORLD CONSULTING FRANCE,F-2025-318,2 pneus neufs AR + dépose/pose 2 roues AR + équilibrage + pack service premium,entretien,377.16,75.43,452.59,68406,1CcS7Z_0Q4P0gyHp__gdDNWIVPQAMS475,Facture-TJMAX-CAR WORLD CONSULTING FRANCE-F-2025-318 (1).pdf
FA-0118,2025-12-04,GE-948-WY,CAR WORLD CONSULTING FRANCE,F-2025-306,Révision constructeur (huile RN17 + filtre + 38 points) + filtre à air + nettoyage intérieur/extérieur,entretien,252.54,50.51,303.05,67469,1LmlKIQpCdAL3H-RnoZ3i230joUql6r3Z,Facture-TJMAX-CAR WORLD CONSULTING FRANCE-F-2025-306.pdf
FA-0119,2025-12-04,GE-948-WY,CAR WORLD CONSULTING FRANCE,F-2025-305,Remplacement freinage : disques et plaquettes AR (perte pression pneumatique AR),réparation,523.14,104.63,627.77,67469,1a3_p9zXbD3iLGYFjgsMLWdrci7JYABzY,Facture-TJMAX-CAR WORLD CONSULTING FRANCE-F-2025-305.pdf
FA-0120,2025-06-26,GE-948-WY,CAR WORLD CONSULTING FRANCE,F-2025-210,2 pneus neufs AR Hankook référence constructeur Renault,entretien,361.86,72.38,434.24,59421,1yUceFEsy6nYzP1SNUrKcswu4oTzCIdt0,Facture-TJMAX-CAR WORLD CONSULTING FRANCE-F-2025-210.pdf
FA-0121,2025-04-17,GE-948-WY,CAR WORLD CONSULTING FRANCE,F-2025-166,Prestation présentation CT,autre,66.67,13.33,80,56215,1SKFQrwyaSIPKRZ8X8SGtTWU5QUC_Nbso,Facture-PROJECT X PARIS RETAIL-CAR WORLD CONSULTING FRANCE-F-2025-166.pdf
FA-0122,2025-04-17,GE-948-WY,CAR WORLD CONSULTING FRANCE,F-2025-165,Remplacement de 2 ampoules de croisement,réparation,50,10,60,56215,14-X12PWWS1rAUnR1vxFUfIcl2Dac-UNg,Facture-PROJECT X PARIS RETAIL-CAR WORLD CONSULTING FRANCE-F-2025-165.pdf
FA-0123,2025-02-05,GE-948-WY,CAR WORLD CONSULTING FRANCE,F-2025-123,Nettoyage intérieur et extérieur,entretien,66.67,13.33,80,52095,14Ekp2Y9oW1Ge29A1tehRsyPsNKFFH2-x,Facture-PROJECT X PARIS RETAIL-CAR WORLD CONSULTING FRANCE-F-2025-123.pdf
FA-0124,2025-01-31,GE-948-WY,CAR WORLD CONSULTING FRANCE,F-2025-116,Disques et plaquettes AV,réparation,398.62,79.73,478.35,51745,16UJ1BSj1_ur1IOSq-fwYLxHOW8q5sjwn,Facture-PROJECT X PARIS RETAIL-CAR WORLD CONSULTING FRANCE-F-2025-116.pdf
FA-0125,2025-01-30,GE-948-WY,CAR WORLD CONSULTING FRANCE,F-2025-115,"Entretien complet constructeur Renault (huile RN17, filtres, bougies, courroie accessoires, balais, lave-glace) + purifiant clim",entretien,865.56,173.11,1038.67,51000,10Uwz0EMmVWq1XK3kArtsccEwNXMXzXQ6,Facture-PROJECT X PARIS RETAIL-CAR WORLD CONSULTING FRANCE-F-2025-115.pdf
FA-0126,2026-03-17,GE-948-WY,CAR WORLD CONSULTING FRANCE,F-2026-427,Nettoyage intérieur et extérieur (à la main),entretien,70,14,84,74062,1tnO1KP2302khUmpRziPrNEPRtayjDdqC,Facture-TJMAX-CAR WORLD CONSULTING FRANCE-F-2026-427.pdf
FA-0127,2026-03-17,GE-948-WY,CAR WORLD CONSULTING FRANCE,F-2026-428,Kit vidange boîte de vitesses automatique (huile Renault DW5),entretien,423.33,84.67,508,74062,1IRWhXINrhpy22ILflW3G73k8sX9SU1fn,Facture-TJMAX-CAR WORLD CONSULTING FRANCE-F-2026-428.pdf
FA-0128,2026-01-28,GE-948-WY,CAR WORLD CONSULTING FRANCE,F-2026-389,4 pneus neufs Pirelli SUV 4 saisons + lave-glace -20,entretien,741.76,148.35,890.11,70657,1pozw62P5ESX0nTahHE7O2aGSDC850mRq,Facture-TJMAX-CAR WORLD CONSULTING FRANCE-F-2026-389.pdf
FA-0129,2023-07-25,FT-338-AJ,AUTOICI (Mandataire négociant),PF-2023-07-002,Achat véhicule occasion Peugeot 3008 Allure Gris Artense PureTech 130 EAT8 + tapis + écrous antivol + forfait administratif + livraison + marquage antivol + carte grise,achat,24207.6,4774.16,28981.76,16455,1IiH3seOpY0Ti99_uPXqYl5iTnh2AS81e,FT-338-AJ FACTURE D ACHAT.pdf
FA-0130,2025-01-20,FT-338-AJ,CAR WORLD CONSULTING FRANCE,F-2025-97,Remplacement + rinçage système de refroidissement,entretien,100,20,120,38585,1AmuStVQZ4EsFg805I3N0nnYdHE5xvN9v,Facture-PROJECT X PARIS RETAIL-CAR WORLD CONSULTING FRANCE-F-2025-97.pdf
FA-0131,2025-01-20,FT-338-AJ,CAR WORLD CONSULTING FRANCE,F-2025-96,Prestation présentation CT,autre,66.67,13.33,80,38581,13tzhQNlFdclYlqtssBSW4e4ph0tL-MbG,Facture-PROJECT X PARIS RETAIL-CAR WORLD CONSULTING FRANCE-F-2025-96.pdf
FA-0132,2025-07-07,FT-338-AJ,CAR WORLD CONSULTING FRANCE,F-2025-225,Kit distribution complet PSA PureTech + pignons + huile moteur + liquide refroidissement (courroie de distribution décalée),réparation,1437.3,287.46,1724.76,47656,1-hTaNA1ZIsZ9i4El0sUS0YtJqsPV-XO3,Facture-TJMAX-CAR WORLD CONSULTING FRANCE-F-2025-225.pdf
FA-0133,2025-07-07,FT-338-AJ,CAR WORLD CONSULTING FRANCE,F-2025-226,,réparation,327.98,65.6,393.58,47656,1JNSwRj2j_-tkFLDV4e8cxlHTdVluKE8x,Facture-TJMAX-CAR WORLD CONSULTING FRANCE-F-2025-226.pdf
FA-0134,2025-06-02,FT-338-AJ,CAR WORLD CONSULTING FRANCE,F-2025-194,Révision constructeur + remplacement freinage disques/plaquettes AR (révision + voyant frein),entretien,1221.92,244.39,1466.31,46980,1IUMQoPe7QOi8XOQR6DaMwrRGn9xphuux,Facture-TJMAX-CAR WORLD CONSULTING FRANCE-F-2025-194.pdf
FA-0135,2025-06-02,FT-338-AJ,CAR WORLD CONSULTING FRANCE,F-2025-195,2 pneus neufs Bridgestone + équilibrage + valves,entretien,370,74,444,46980,1sP3htX6nwKmSkmwH8y6V4U5ljBao5QHu,Facture-TJMAX-CAR WORLD CONSULTING FRANCE-F-2025-195.pdf
FA-0136,2025-04-14,FT-338-AJ,CAR WORLD CONSULTING FRANCE,F-2025-162,Lecture calculateurs + commutateur de démarrage + réparation radar (anomalie démarrage + radars),réparation,141.6,28.32,169.92,43202,164hIBqO5q3jfx1dkEPQktGrVillwd7Ev,Facture-TJMAX-CAR WORLD CONSULTING FRANCE-F-2025-162.pdf
FA-0137,2025-03-10,FT-338-AJ,CAR WORLD CONSULTING FRANCE,F-2025-143,Franchise assurance - avance franchise,sinistre,300,,300,,1jcueAc7QoKw7yA033kqBsfGRWchs__If,Facture-TJMAX-CAR WORLD CONSULTING FRANCE-F-2025-143.pdf
FA-0138,2025-02-18,FT-338-AJ,CAR WORLD CONSULTING FRANCE,F-2025-127,,réparation,251.94,50.38,302.32,40527,13t7fr9y_5jMIHUK-0W9fT3vRQ-U5seql,Facture-TJMAX-CAR WORLD CONSULTING FRANCE-F-2025-127.pdf
FA-0139,2025-02-07,FT-338-AJ,CAR WORLD CONSULTING FRANCE,F-2025-124,,sinistre,1034.35,206.87,1241.22,39931,1huQhCzNyJo7fF1r5YE_tz0DKamasJCu2,Facture-PROJECT X PARIS RETAIL-CAR WORLD CONSULTING FRANCE-F-2025-124.pdf
FA-0140,2025-01-21,FT-338-AJ,CAR WORLD CONSULTING FRANCE,F-2025-98,Carte grise,autre,343.76,,343.76,,1PzZIVD5YlK5jj6rVGGFSbUaOOUYodUmx,Facture-PROJECT X PARIS RETAIL-CAR WORLD CONSULTING FRANCE-F-2025-98.pdf
FA-0141,2026-04-03,FT-338-AJ,CAR WORLD CONSULTING FRANCE,F-2026-442,"Révision constructeur complète (huile, filtres, bougies, balais) + rinçage refroidissement + liquide de frein",entretien,979.26,195.85,1175.11,60450,1zcWDi51KRDclQ8EHRAnmlmLs5B9c0HWV,Facture-TJMAX-CAR WORLD CONSULTING FRANCE-F-2026-442.pdf
FA-0142,2026-03-10,FT-338-AJ,CAR WORLD CONSULTING FRANCE,F-2026-423,4 pneus neufs 4 saisons + lave-glace + pack service premium,entretien,810.92,162.18,973.1,59878,1pLV1PpjSQ4NBFLuPcjWMmd_qohsaZKb8,Facture-TJMAX-CAR WORLD CONSULTING FRANCE-F-2026-423.pdf
FA-0143,2025-05-30,GY-860-FG,,,,cession,,,,,1tlOFJEaKw8zm8MejNAHevb8-9x1Y2TWz,Code cession GY-860-FG.pdf
FA-0144,2024-02-06,GY-860-FG,Autohaus Jacob Fleischhauer GmbH & Co KG (Audi Zentrum Köln-Mitte),113003518/0,,achat,27638.66,,27638.66,21779,1fQAt183wqVsWPfU3ff20hjl9kdChJ10w,GY-860-FG FACTURE D ACHAT.pdf
FA-0145,2025-01-14,GY-860-FG,Audi Bauer Paris,713220,"Forfait entretien Audi Q3 - Service entretien fixe 60 000 km, vidange, filtre habitacle, bougies, balais",entretien,816.61,163.32,979.93,49351,12Tufa-r0639mbKvHDEn2JMB6AIa8xsCA,Audi 1ere révision.pdf
FA-0146,2025-01-14,GY-860-FG,CAR WORLD CONSULTING FRANCE,F-2025-79,"Entretien constructeur Audi - huile moteur, filtre à huile, filtre habitacle, bougies, balais AV",entretien,816.61,163.32,979.93,49351,1JJaOeEFCqXh7M6okYalLBcCGB7PxmANu,Facture-TJMAX-CAR WORLD CONSULTING FRANCE-F-2025-79.pdf
FA-0147,2025-12-16,GY-860-FG,CAR WORLD CONSULTING FRANCE,F-2025-335,,réparation,1057.5,211.5,1269,80602,13-06dd4y3CV3lkdIO8K3iv7AMZIUZdO1,Facture-TJMAX-CAR WORLD CONSULTING FRANCE-F-2025-335.pdf
FA-0148,2025-12-16,GY-860-FG,CAR WORLD CONSULTING FRANCE,F-2025-336,"4 pneus Pirelli 4 saisons + montage, équilibrage, valves, géométrie",entretien,704.92,140.98,845.9,80602,10vdvSx9l273V0yrBHYkT6TRVBD_hZxsp,Facture-TJMAX-CAR WORLD CONSULTING FRANCE-F-2025-336.pdf
FA-0149,2025-12-15,GY-860-FG,CAR WORLD CONSULTING FRANCE,F-2025-329,Prestation présentation contrôle technique,entretien,75,15,90,80602,1Ht5NEUi4JD3w0PJWmdxvhgazqdLClC3F,Facture-TJMAX-CAR WORLD CONSULTING FRANCE-F-2025-329.pdf
FA-0150,2025-12-15,GY-860-FG,Autosécurité Arnouville,C68651331,Procès-verbal de contrôle technique périodique - résultat favorable,autre,,,,80602,1FI-X6-K6sA6yS91dAwrlgnu6B2sKgCc4,CT-Q3.pdf
FA-0151,2025-12-10,GY-860-FG,Audi Bauer Paris,738448,"Forfait entretien Audi Q3 - Service entretien fixe 90 000 km, cartouche filtre à air, vidange",entretien,552.87,110.57,663.44,80020,1iNbDdBmVevaPocg0GHA0oBxnR0PvnEBV,BRN94DDF8294386_002161.pdf
FA-0152,2025-12-10,GY-860-FG,Audi Bauer Paris,738448,FAC AUDI entretien - Service 90000 km,entretien,552.87,110.57,663.44,80020,1WOM1aq2HeIxpQ51buNoP2EYa7QhBZXZg,FAC AUDI ENTRETIEN.pdf
FA-0153,2025-12-10,GY-860-FG,CAR WORLD CONSULTING FRANCE,F-2025-323,Débours facture Audi du 10/12/2025 (facture n°738448),entretien,552.87,110.57,663.44,80020,1rnnfQelIxIIlOL5vayQW9-4abpA5a7s3,Facture-TJMAX-CAR WORLD CONSULTING FRANCE-F-2025-323.pdf
FA-0154,2025-08-19,GY-860-FG,CAR WORLD CONSULTING FRANCE,F-2025-262,Débours facture Audi du 19/08/2025 - réparation Audi Q3,réparation,91.35,18.27,109.62,69400,1Hr4gKoL2xYkUZ753AvNJjbrrBVcoJvhq,Facture-TJMAX-CAR WORLD CONSULTING FRANCE-F-2025-262.pdf
FA-0155,2025-07-29,GY-860-FG,CAR WORLD CONSULTING FRANCE,F-2025-249,Débours facture Audi n°728791 du 29/07/2025,entretien,604.9,120.98,725.88,66323,1b6esEvOKo-9xjS_1aaquZU00YAWKes2F,Facture-TJMAX-CAR WORLD CONSULTING FRANCE-F-2025-249.pdf
FA-0156,2025-03-25,GY-860-FG,Audi Bauer Paris,718753,,entretien,369.24,73.85,443.09,54185,10fjYFxZwZ59rOxkPe6LMJnFxvG9OrKLr,AUDI 718753 GY-860-FG.pdf
FA-0157,2025-03-25,GY-860-FG,CAR WORLD CONSULTING FRANCE,F-2025-151,Débours / avance facture Audi n°718753 du 25/03/2025,entretien,443.09,,443.09,54185,11aSP0qBdj8coENddgUHdRmpTGFBOgFfq,Facture-TJMAX-CAR WORLD CONSULTING FRANCE-F-2025-151.pdf
FA-0158,2026-05-13,GY-860-FG,CAR WORLD CONSULTING FRANCE,F-2026-460,,réparation,1473.53,294.71,1768.24,97605,1_0wf9q9gNbjEfaHIfFhKGZwFTt4zGQsZ,Facture-TJMAX-CAR WORLD CONSULTING FRANCE-F-2026-460.pdf
FA-0159,2026-05-04,GY-860-FG,CAR WORLD CONSULTING FRANCE,F-2026-453,"Révision constructeur - huile moteur Shell LL III 0W20, filtres habitacle/air, balais, lave-glace",entretien,791.21,158.24,949.45,96973,1tR84Ap1pL-hUkk0wFBH8qg-DP5J8xjDh,Facture-TJMAX-CAR WORLD CONSULTING FRANCE-F-2026-453.pdf
FA-0160,2026-03-11,GY-860-FG,CAR WORLD CONSULTING FRANCE,F-2026-426,"1 pneu neuf Pirelli 4 saisons AV G + montage, équilibrage, valve",entretien,194.22,38.84,233.06,92414,11s_hExkR6_zAbPTqYfaAMWVZgSD0q48k,Facture-TJMAX-CAR WORLD CONSULTING FRANCE-F-2026-426.pdf
FA-0161,2026-01-14,GY-860-FG,CAR WORLD CONSULTING FRANCE,F-2026-366,Kit réparation crevaison Osram,réparation,74.99,15,89.99,,1OgLHfDrHlp6wUaBH3qhTjXJTdoqG1oNA,Facture-TJMAX-CAR WORLD CONSULTING FRANCE-F-2026-366.pdf
FA-0162,2025-05-30,GA-333-PZ,,,,cession,,,,,1wBdT4EyntXaccBjH2-hhSrik4DMGkuTF,Code cession GA-333-PZ.pdf
FA-0163,2022-12-16,GA-333-PZ,Renault Strasbourg Hautepierre (Hepy Automobile),221308,"Achat Renault Captur II Ph1 1.6 E-Tech Plug-in 160 Intens VO + frais formalités, kit sécurité, gravage, carte grise",achat,23693.76,4736,28429.76,1000,1yGqaqrYiUxpy70rf-dXEUBlkx-KS1vC3,GA-333-PZ FACTURE D ACHAT.pdf
FA-0164,2025-12-09,GA-333-PZ,CAR WORLD CONSULTING FRANCE,F-2025-316,Huile boîte de vitesses Renault + entretien boîte automatique,entretien,295.94,59.19,355.13,76981,1JCZ4tFqemAdzcPE9G3ZiAbZiD33jK9iV,Facture-TJMAX-CAR WORLD CONSULTING FRANCE-F-2025-316.pdf
FA-0165,2025-10-02,GA-333-PZ,CAR WORLD CONSULTING FRANCE,F-2025-280,Huile boîte de vitesses + entretien boîte automatique,entretien,295.94,59.19,355.13,72195,1TSe7IzUU0pbnmOw49534QMMNHaEAd10I,Facture-TJMAX-CAR WORLD CONSULTING FRANCE-F-2025-280.pdf
FA-0166,2025-10-02,GA-333-PZ,CAR WORLD CONSULTING FRANCE,F-2025-281,"Pare-brise + capteur pluie + forfait calibrage ADAS, fongibles, kit collage, MO",réparation,992.82,198.56,1191.38,72195,1kcDGcWacS7Fq36Vu9gRQtWBCFkIsVqDt,Facture-TJMAX-CAR WORLD CONSULTING FRANCE-F-2025-281.pdf
FA-0167,2025-08-14,GA-333-PZ,CAR WORLD CONSULTING FRANCE,F-2025-260,"2 pneus neufs réf constructeur SUV + montages, équilibrages, valves",entretien,372.63,74.53,447.16,69214,1YQyIGt3AqWd6XycCPyEthFiP-VfNjBsl,Facture-TJMAX-CAR WORLD CONSULTING FRANCE-F-2025-260.pdf
FA-0168,2025-08-14,GA-333-PZ,CAR WORLD CONSULTING FRANCE,F-2025-259,Pion clip sous moteur,réparation,246.53,49.31,295.84,69214,1mwVenXSRmbk21nUI0QpaGC5NHYu7mst4,Facture-TJMAX-CAR WORLD CONSULTING FRANCE-F-2025-259.pdf
FA-0169,2025-08-14,GA-333-PZ,CAR WORLD CONSULTING FRANCE,F-2025-258,Fuite boîte de vitesse - huile BV Renault + entretien BV + complément carburant,réparation,332.89,66.58,399.47,69214,1RPznTQOAtV367I5Y0ioyDecuG_fyQVyl,Facture-TJMAX-CAR WORLD CONSULTING FRANCE-F-2025-258.pdf
FA-0170,2025-07-16,GA-333-PZ,CAR WORLD CONSULTING FRANCE,F-2025-232,Recharge climatisation gaz 1234YF + nettoyage système,entretien,190,38,228,65575,1PJLisuT8rsh-TzukZmDDtvi2ljeIAgPa,Facture-TJMAX-CAR WORLD CONSULTING FRANCE-F-2025-232.pdf
FA-0171,2025-06-20,GA-333-PZ,CAR WORLD CONSULTING FRANCE,F-2025-206,Prestation présentation contrôle technique,entretien,70,14,84,64182,1fvN3HMCPuJF5SCaa93G1ADCSFnTm9mlg,Facture-TJMAX-CAR WORLD CONSULTING FRANCE-F-2025-206.pdf
FA-0172,2025-04-29,GA-333-PZ,CAR WORLD CONSULTING FRANCE,F-2025-177,"Révision préconisation constructeur - huile, filtres, bougies, joint vidange + remplacement liquide frein",entretien,795.82,159.17,954.99,63400,1i0NL6I_fwtfKXoX9hqR2806YYDCTIGDB,Facture-TJMAX-CAR WORLD CONSULTING FRANCE-F-2025-177.pdf
FA-0173,2025-04-29,GA-333-PZ,CAR WORLD CONSULTING FRANCE,F-2025-178,,entretien,357.5,71.5,429,63400,14Mf2RLhfJBVSPWz8R6TV8bKp-ARyVoj6,Facture-TJMAX-CAR WORLD CONSULTING FRANCE-F-2025-178.pdf
FA-0174,2026-03-27,GA-333-PZ,CAR WORLD CONSULTING FRANCE,F-2026-435,Batterie avec remplacement + remplacement liquide de refroidissement,réparation,665.08,133.02,798.1,82057,11Y6bK0Z3ng9QtaxvBXrYYkiyyrC5CrG8,Facture-TJMAX-CAR WORLD CONSULTING FRANCE-F-2026-435.pdf
FA-0175,2026-03-27,GA-333-PZ,CAR WORLD CONSULTING FRANCE,F-2026-433,Dépose et repose ensemble moteur - boîte de vitesses + diagnostic technique/mécanique + nettoyant frein,réparation,1094.5,218.9,1313.4,82057,1vWB7K43RXZ-qZcKFWUbXARDne6geXiYm,Facture-TJMAX-CAR WORLD CONSULTING FRANCE-F-2026-433.pdf
FA-0176,2026-03-27,GA-333-PZ,CAR WORLD CONSULTING FRANCE,F-2026-434,,réparation,7417.32,1483.46,8900.78,82057,1-oNQg0jYNszk9PxuttYMvNy6GvhnummT,Facture-TJMAX-CAR WORLD CONSULTING FRANCE-F-2026-434.pdf
FA-0177,2026-03-27,GA-333-PZ,CAR WORLD CONSULTING FRANCE,F-2026-436,"Révision constructeur - huile RN17 05W30, filtres habitacle/air, bougies x4, pack air pur",entretien,610.96,122.19,733.15,82057,1rODwBlqvxcNu1MXiC36bPAmKLrI2SiBE,Facture-TJMAX-CAR WORLD CONSULTING FRANCE-F-2026-436.pdf
FA-0178,2026-01-27,GA-333-PZ,CAR WORLD CONSULTING FRANCE,F-2026-385,"4 pneus neufs 4 saisons + montage, équilibrage, valves",entretien,622.76,124.55,747.31,80225,1R6TD0EFbS2kRuEwxLxlBqmLfCub6DGV0,Facture-TJMAX-CAR WORLD CONSULTING FRANCE-F-2026-385.pdf
FA-0179,2026-01-27,GA-333-PZ,CAR WORLD CONSULTING FRANCE,F-2026-384,,réparation,393.43,78.69,472.12,80225,1GzApQA-xslt5iQLX_QPgSPwdBtv25Bpd,Facture-TJMAX-CAR WORLD CONSULTING FRANCE-F-2026-384.pdf
FA-0180,2026-01-12,GA-333-PZ,CAR WORLD CONSULTING FRANCE,F-2026-363,Huile boîte de vitesses + entretien boîte automatique + nettoyant frein,entretien,325.95,65.19,391.14,79203,1Ddf67LHmDKgayRj1dvXLqwkCdR1DcUy7,Facture-TJMAX-CAR WORLD CONSULTING FRANCE-F-2026-363.pdf
FA-0181,2026-01-12,GA-333-PZ,CAR WORLD CONSULTING FRANCE,F-2026-362,"Révision constructeur - huile, filtres air/habitacle, bougies, balais essuie-glace, lave-glace, liquide refroidissement",entretien,657.96,131.59,789.55,79203,1Avd4Gz63RbAJnJsIjE_G8nYb3X0CxJzT,Facture-TJMAX-CAR WORLD CONSULTING FRANCE-F-2026-362.pdf
FA-0182,2025-09-22,GA-333-PZ,Verspieren,ALM 30632680,,sinistre,,,,,1p3E8DZL-dwa6_zRO7-QhKvrKzG5F7fez,21559458.PDF
FA-0183,2026-05-01,HJ-181-RN,BPCE Car Lease,202605-15982,Loyer leasing NISSAN X-TRAIL HYB 1.5 HEV (contrat 62166024) - période 01/05/26 au 31/05/26,leasing,409.9,81.98,491.88,,1ceiad35k1SgIKp26tPYN-NjDFri9ZGLR,20260501-202605-15982.pdf
FA-0184,2026-04-22,HJ-181-RN,BPCE Car Lease,202604-39673,"Loyer leasing NISSAN X-TRAIL HYB 1.5 HEV (contrat 62166024) - périodes 25/03-31/03 (94,31 HT) + 01/04-30/04 (409,90 HT)",leasing,504.21,100.84,605.05,,1E_gd456gxisMpk_knQrYpRxdyqAEXeTa,20260424-202604-39673.pdf
FA-0185,2026-04-23,HJ-181-RN,CAR WORLD CONSULTING FRANCE,F-2026-449,Réparation pneu AV G (Nissan X-Trail) + lave glace,réparation,81.66,16.33,97.99,3011,1TutA1CoxEt4TpBMPjNcRwKAQTbiDCGQF,Facture-TJMAX-CAR WORLD CONSULTING FRANCE-F-2026-449.pdf
FA-0186,2026-04-15,HJ-181-RN,BPCE Car Lease,202604-34297,"Malus écologique refacturé VP/VU (NISSAN X-TRAIL HYB 1.5 HEV, contrat 62166024)",leasing,2813,562.6,3375.6,,1hX4YiT4bVCv9KVsrzDu3LGLaNdNVu5_L,20260416-202604-34297.pdf
FA-0187,2026-05-01,HJ-804-VM,BPCE Car Lease,202605-15982,Loyer leasing RENAULT TRAFIC combi GRAND (contrat 62181976) - période 01/05/26 au 31/05/26,leasing,422.98,84.6,507.58,,1PYiUv4LuUSbvz1X69VGBX8kTrs1OmMnw,20260501-202605-15982.pdf
FA-0188,2026-04-22,HJ-804-VM,BPCE Car Lease,202604-39673,Loyer leasing RENAULT TRAFIC combi GRAND (contrat 62181976) - période 02/04/26 au 30/04/26,leasing,403.28,80.66,483.94,,1SAmOrNwkywuS_QKJN2o5n5D4LWOVuKuw,20260424-202604-39673.pdf
FA-0189,2026-04-15,HJ-804-VM,BPCE Car Lease,202604-34257,"Malus écologique refacturé VP/VU (RENAULT TRAFIC combi GRAND, contrat 62181976)",leasing,180,36,216,,1TuvAuWKJy1IQmHVUswuDwQqjS8m01idp,20260416-202604-34257.pdf
FA-0190,2026-05-01,HH-464-LQ,BPCE Car Lease,202605-15982,Loyer leasing BYD SEAL U DM-I 1.5 PHEV 218HP (contrat 62184020) - période 01/05/26 au 31/05/26,leasing,472.52,94.51,567.03,,10ybKNKZJWedA4_dGTa2gBSfP3AhevYnS,20260501-202605-15982.pdf
FA-0191,2026-04-28,HH-464-LQ,CAR WORLD CONSULTING FRANCE,F-2026-451,Clou dans pneu AR D - Réparation pneu AR D (BYD Seal U) + lave glace,réparation,81.66,16.33,97.99,2639,1t6vi9RYj6QB4Jr7OtL4UkiztYDfAGBOc,Facture-TJMAX-CAR WORLD CONSULTING FRANCE-F-2026-451.pdf
FA-0192,2026-04-01,HH-464-LQ,BPCE Car Lease,202604-19680,Loyer leasing BYD SEAL U DM-I 1.5 PHEV 218HP (contrat 62184020) - période 01/04/26 au 30/04/26,leasing,472.52,94.51,567.03,,1NHfDlkR2OJim29KDVFH4owbx2HdSpMu-,20260401-202604-19680.pdf
FA-0193,2026-03-01,HH-464-LQ,BPCE Car Lease,202603-15465,Loyer leasing BYD SEAL U DM-I 1.5 PHEV 218HP (contrat 62184020) - période 01/03/26 au 31/03/26,leasing,472.52,94.51,567.03,,1XUNNOsiksHxeJM0ZkgD_NH_jlcvmy7qZ,20260302-202603-15465.pdf
FA-0194,2026-02-12,HH-464-LQ,BPCE Car Lease,202602-28530,"Malus écologique refacturé VP/VU (BYD SEAL U DM-I 1.5 PHEV 218HP, contrat 62184020)",leasing,2240,448,2688,,1vsEOx4o2LFz1FpO5UwFBYZvxckgPLZFk,20260213-202602-28530.pdf
FA-0195,2026-02-01,HH-464-LQ,BPCE Car Lease,202602-19418,Loyer leasing BYD SEAL U DM-I 1.5 PHEV 218HP (contrat 62184020) - période 01/02/26 au 28/02/26,leasing,472.52,94.51,567.03,,1ayeZUlidC8FmNX3tu8FfQykZg9Uoe9bM,20260204-202602-19418.pdf
FA-0196,2026-01-22,HH-464-LQ,BPCE Car Lease,202601-36020,Loyer leasing BYD SEAL U DM-I 1.5 PHEV 218HP (contrat 62184020) - période 14/01/26 au 31/01/26,leasing,279.65,55.93,335.58,,1LEG7k4ZSvyI9cpQ7pYw13TxiYrVlwtkZ,20260204-202601-36020.pdf
FA-0197,2026-05-20,HH-613-KE,CAR WORLD CONSULTING FRANCE,F-2026-466,,réparation,1613.54,322.71,1936.25,16816,1ZTLHWsER1wpj4Jgmzv559pU1hJkWLnUB,Facture-TJMAX-CAR WORLD CONSULTING FRANCE-F-2026-466.pdf
FA-0198,2026-05-01,HH-613-KE,BPCE Car Lease,202605-15982,Loyer leasing BYD SEAL U DM-I 1.5 PHEV 218HP (contrat 62182784) - période 01/05/26 au 31/05/26,leasing,472.52,94.51,567.03,,19VsQVOEpwlC6Vghc6vj8MRkdAtsL6eQU,20260501-202605-15982.pdf
FA-0199,2026-04-01,HH-613-KE,BPCE Car Lease,202604-19680,Loyer leasing BYD SEAL U DM-I 1.5 PHEV 218HP (contrat 62182784) - période 01/04/26 au 30/04/26,leasing,472.52,94.51,567.03,,1PoGLLpCeSe5cDnjjsainQ46MGzT_6LJR,20260401-202604-19680.pdf
FA-0200,2026-03-01,HH-613-KE,BPCE Car Lease,202603-15465,Loyer leasing BYD SEAL U DM-I 1.5 PHEV 218HP (contrat 62182784) - période 01/03/26 au 31/03/26,leasing,472.52,94.51,567.03,,1HOjiSkVY7zdyam7VJZoDF3BwwZQSOeue,20260302-202603-15465.pdf
FA-0201,2026-02-12,HH-613-KE,BPCE Car Lease,202602-28411,"Malus écologique refacturé VP/VU (BYD SEAL U DM-I 1.5 PHEV 218HP, contrat 62182784)",leasing,2240,448,2688,,1dbtqkRwg73icXxkNZcDLk21VA_f5mMxX,20260213-202602-28411.pdf
FA-0202,2026-02-06,HH-613-KE,CAR WORLD CONSULTING FRANCE,F-2026-406,"2 pneus neufs SUV PREM (BYD Seal U DMI) + montage, équilibrage AV + lave glace",entretien,465.5,93.1,558.6,2980,1NNq6TK92k0eG5P7vZBEz8ADXgjjK_Six,Facture-TJMAX-CAR WORLD CONSULTING FRANCE-F-2026-406.pdf
FA-0203,2026-02-01,HH-613-KE,BPCE Car Lease,202602-19418,Loyer leasing BYD SEAL U DM-I 1.5 PHEV 218HP (contrat 62182784) - période 01/02/26 au 28/02/26,leasing,472.52,94.51,567.03,,1_l1kHcAkW-AB-7eLFk_jXHITkqaaXzXv,20260204-202602-19418.pdf
FA-0204,2026-01-22,HH-613-KE,BPCE Car Lease,202601-36020,Loyer leasing BYD SEAL U DM-I 1.5 PHEV 218HP (contrat 62182784) - période 14/01/26 au 31/01/26,leasing,279.65,55.93,335.58,,1S27c_fxS0wnrYQfCAeuKmIgPioyTuk8S,20260204-202601-36020.pdf
FA-0205,2026-05-01,HJ-285-FL,BPCE Car Lease,202605-15982,Loyer leasing BMW X1 1.5 SDRIVE20I MHEV M Sport DCT - Période du 01/05/26 au 31/05/26,leasing,649.13,129.83,778.96,,1caZVjahN1oTLYyLlHeD9bVAQqZ-fh9Cw,20260501-202605-15982.pdf
FA-0206,2026-04-01,HJ-285-FL,BPCE Car Lease,202604-19680,Loyer leasing BMW X1 1.5 SDRIVE20I MHEV M Sport DCT - Période du 01/04/26 au 30/04/26,leasing,649.13,129.83,778.96,,1p-uYz-3d328e3GXjOO6zfG_Ekp-J_rBw,20260401-202604-19680.pdf
FA-0207,2026-03-19,HJ-285-FL,BPCE Car Lease,202603-51330,Loyer leasing BMW X1 1.5 SDRIVE20I MHEV M Sport DCT - Période du 26/02/26 au 28/02/26 et du 01/03/26 au 31/03/26,leasing,713.13,142.63,855.76,,1aBbvhMY8obtks-pQg3dgrjPDifOPkcVQ,20260321-202603-51330.pdf
FA-0208,2026-03-12,HJ-285-FL,BPCE Car Lease,202603-27938,Malus écologique refacturé VP/VU - BMW X1 1.5 SDRIVE20I MHEV M Sport DCT,autre,1334,266.8,1600.8,,16c68ki_SMHrPb3IBw-ktjAe1_s446GNZ,20260313-202603-27938.pdf
FA-0209,2025-05-28,GR-302-HP,KEOS ENGLOS by Autosphere,217349,Forfait disques et plaquettes de frein avant + balais essuie-glace avant (Dacia Duster) - Bruit de sifflement au freinage,entretien,523.84,104.76,628.6,55745,1W2HHFxA965ZO86V_ufmPnPM6nbcC8a5V,TJMAX 217349.pdf
FA-0210,2026-05-01,HH-458-LQ,BPCE Car Lease,202605-15982,Loyer leasing BYD SEAL U DM-I 1.5 PHEV 218HP - Période du 01/05/26 au 31/05/26,leasing,604.84,120.97,725.81,,1kE40FSas1OJR59DA-QdOuxRUDYGABvN1,20260501-202605-15982.pdf
FA-0211,2026-04-01,HH-458-LQ,BPCE Car Lease,202604-19680,Loyer leasing BYD SEAL U DM-I 1.5 PHEV 218HP - Période du 01/04/26 au 30/04/26,leasing,604.84,120.97,725.81,,1VFz6Aorya29npbMABzZ8jV8DqPtx69he,20260401-202604-19680.pdf
FA-0212,2026-04-01,HH-458-LQ,BPCE Car Lease,202604-22019,Réajustement suite avenant - BYD SEAL U DM-I 1.5 PHEV 218HP,leasing,345.82,69.16,414.98,,1plYYPqy8ncqkZ5Hvq6GEYMaf08J5uzXt,20260401-202604-22019.pdf
FA-0213,2026-03-01,HH-458-LQ,BPCE Car Lease,202603-15465,Loyer leasing BYD SEAL U DM-I 1.5 PHEV 218HP - Période du 01/03/26 au 31/03/26,leasing,472.52,94.51,567.03,,1ZWXagskP_MYQtlrQzHURSm00C2yfSpWK,20260302-202603-15465.pdf
FA-0214,2026-02-12,HH-458-LQ,BPCE Car Lease,202602-28498,Malus écologique refacturé VP/VU - BYD SEAL U DM-I 1.5 PHEV 218HP DM-I BOOST,autre,2240,448,2688,,1ta0yR8ya-3V35F0Pirv78rbIU-ZKpMpy,20260213-202602-28498.pdf
FA-0215,2026-02-01,HH-458-LQ,BPCE Car Lease,202602-19418,Loyer leasing BYD SEAL U DM-I 1.5 PHEV 218HP - Période du 01/02/26 au 28/02/26,leasing,472.52,94.51,567.03,,1-adJHyL-osgkEGE3Iv9mMjh6YTRpPYZN,20260204-202602-19418.pdf
FA-0216,2026-01-22,HH-458-LQ,BPCE Car Lease,202601-36020,Loyer leasing BYD SEAL U DM-I 1.5 PHEV 218HP - Période du 14/01/26 au 31/01/26,leasing,279.65,55.93,335.58,,19SM38bjh4NgVNgfeKbI9k-sFVYSnzH8T,20260204-202601-36020.pdf
FA-0217,2026-05-01,HF-749-VD,BPCE Car Lease,202605-15982,Loyer leasing TOYOTA YARIS CROSS HYBRIDE - Période du 01/05/26 au 31/05/26,leasing,370.93,74.19,445.12,,1thDkJI_w7v3DVFOcnWYBzhIxxnee_IiC,20260501-202605-15982.pdf
FA-0218,2026-04-01,HF-749-VD,BPCE Car Lease,202604-19680,Loyer leasing TOYOTA YARIS CROSS HYBRIDE - Période du 01/04/26 au 30/04/26,leasing,370.93,74.19,445.12,,1MtR5ty7ReldbAxZG8kNCm1zQnt9W2A1y,20260401-202604-19680.pdf
FA-0219,2026-03-01,HF-749-VD,BPCE Car Lease,202603-15465,Loyer leasing TOYOTA YARIS CROSS HYBRIDE - Période du 01/03/26 au 31/03/26,leasing,370.93,74.19,445.12,,19p2hkFqHprSag3nsw-TAeOMYQJrv4ZZO,20260302-202603-15465.pdf
FA-0220,2026-02-01,HF-749-VD,BPCE Car Lease,202602-19418,Loyer leasing TOYOTA YARIS CROSS HYBRIDE - Période du 01/02/26 au 28/02/26,leasing,370.93,74.19,445.12,,1TVbfGVUzDBSxxURbGlyJQ0lROXF1U3iB,20260204-202602-19418.pdf
FA-0221,2026-01-01,HF-749-VD,BPCE Car Lease,202601-14335,Loyer leasing TOYOTA YARIS CROSS HYBRIDE - Période du 01/01/26 au 31/01/26,leasing,370.93,74.19,445.12,,11mnjsSG0s5Z06bmTgwkPXOz-F2hJ1Ryn,20260101-202601-14335.pdf
FA-0222,2026-05-01,HG-763-VP,BPCE Car Lease,202605-15982,Loyer leasing BYD ATTO 3 BEV 60KWH DESIGN - Période du 01/05/26 au 31/05/26,leasing,449.1,89.82,538.92,,1KVZH1TM3CSb5vrHTviZzKnGMPnE0iDQq,20260501-202605-15982.pdf
FA-0223,2026-04-01,HG-763-VP,BPCE Car Lease,202604-19680,Loyer leasing BYD ATTO 3 BEV 60KWH DESIGN - Période du 01/04/26 au 30/04/26,leasing,449.1,89.82,538.92,,15sYNPWoQxzXCwqvZhm4FDYzuKpa6RekF,20260401-202604-19680.pdf
FA-0224,2026-03-01,HG-763-VP,BPCE Car Lease,202603-15465,Loyer leasing BYD ATTO 3 BEV 60KWH DESIGN - Période du 01/03/26 au 31/03/26,leasing,449.1,89.82,538.92,,1gX2peZPsjMZYN7fLNbWWPdUMsA0rs5I8,20260302-202603-15465.pdf
FA-0225,2026-02-01,HG-763-VP,BPCE Car Lease,202602-19418,Loyer leasing BYD ATTO 3 BEV 60KWH DESIGN - Période du 01/02/26 au 28/02/26,leasing,449.1,89.82,538.92,,1pp2cBDVC-Rqu-SJOZFwl--FKuaTdaaFx,20260204-202602-19418.pdf
FA-0226,2026-01-01,HG-763-VP,BPCE Car Lease,202601-14335,Loyer leasing BYD ATTO 3 BEV 60KWH DESIGN - Période du 01/01/26 au 31/01/26,leasing,449.1,89.82,538.92,,1h7M7l7TfRdAavp7zUudsyXIfrdJikbBA,20260101-202601-14335.pdf
FA-0227,2025-12-17,HG-763-VP,BPCE Car Lease,202512-33583,Loyer leasing BYD ATTO 3 BEV 60KWH DESIGN - Période du 08/12/25 au 31/12/25,leasing,354.34,70.87,425.21,,1aENnin-DXW17a1ur-OkaJAjBhzrkHkwd,20251219-202512-33583.pdf
FA-0228,2026-05-01,HG-709-CH,BPCE Car Lease,202605-15982,Loyer leasing BYD SEAL U DM-I 1.5 PHEV 218HP - Période du 01/05/26 au 31/05/26,leasing,506.78,101.36,608.14,,1WTKCslMw_z7Ch5c0KeavCoDvQfVK6Xpx,20260501-202605-15982.pdf
FA-0229,2026-04-01,HG-709-CH,BPCE Car Lease,202604-19680,Loyer leasing BYD SEAL U DM-I 1.5 PHEV 218HP - Période du 01/04/26 au 30/04/26,leasing,506.78,101.36,608.14,,1qfwkUEEBYn2hLkIlQ6ZNMCunh7LQQYvi,20260401-202604-19680.pdf
FA-0230,2026-03-01,HG-709-CH,BPCE Car Lease,202603-15465,Loyer leasing BYD SEAL U DM-I 1.5 PHEV 218HP - Période du 01/03/26 au 31/03/26,leasing,506.78,101.36,608.14,,1N1C3h2wl6TGs2-uuuYmP_G9-iYMU1vEU,20260302-202603-15465.pdf
FA-0231,2026-02-01,HG-709-CH,BPCE Car Lease,202602-19418,Loyer leasing BYD SEAL U DM-I 1.5 PHEV 218HP - Période du 01/02/26 au 28/02/26,leasing,506.78,101.36,608.14,,1ucpRSVYTpz1q5uDepJTWMYIeLlXLeMli,20260204-202602-19418.pdf
FA-0232,2026-01-28,HG-709-CH,LOGIC MOTOR,4196,,réparation,435,87,522,3780,1Sr_7J13tQpp1XLLUUEK6q7SEbkln84Nj,LOGIC MOTOR.pdf
FA-0233,2026-01-01,HG-709-CH,BPCE Car Lease,202601-14335,Loyer leasing BYD SEAL U DM-I 1.5 PHEV 218HP - Période du 01/01/26 au 31/01/26,leasing,506.78,101.36,608.14,,11UMVR1YQQls1-8pgaduArgWqZZGpvLGv,20260101-202601-14335.pdf
FA-0234,2025-11-13,HG-709-CH,BPCE Car Lease,202511-27690,Malus écologique refacturé VP/VU - BYD SEAL U DM-I 1.5 PHEV 218HP DM-I BOOST,autre,2240,448,2688,,1sqKffmKwU1a0iyPBb__DIIGPTSaqfjjw,20251114-202511-27690.pdf
FA-0235,2026-03-30,HG-709-CH,Verspieren,24395120,"Courrier sinistre - Mission expert IDEA POISSY suite événement du 19/02/2026 (chauffeur MANSOURI TATIANA, police 011165247/0599, franchise 350 €)",sinistre,,,,,1SilTA-5M61KMyNiK935xD_iSGQ6t1UB-,24395120.PDF
FA-0236,2026-02-24,HG-709-CH,Verspieren,23880407,"Courrier sinistre - Enregistrement déclaration APO 30659327, contre tiers non identifié, événement du 19/02/2026, franchise 300 €",sinistre,,,,,1SpOUI_QE2pofmFUb3Ixi1JU62NajH-bh,23880407.PDF
FA-0237,2026-02-20,HG-709-CH,,,"Récapitulatif de plainte en ligne déposée par Nawelle Tatiana MANSOURI suite à accident du 19/02/2026 à Pantin (BYD SEAL U DM-I, tiers en fuite plaque GA-610-MJ)",sinistre,,,,,1Y_xZax6IdWFI8hlRSGt3ee2Ya3ts60ql,PLAINTE HG 709 CH.pdf
FA-0238,2025-10-09,HF-477-XW,BNA HYUNDAI,10000927,"Facture VN - Hyundai Tucson 1.6 T-GDI 215 Hybrid BVA6 Initia (livraison VN, leasing BPCE CAR LEASE / locataire TJMAX)",achat,25307.5,5061.5,30399,,1Q1nVOkdRBw7ikdE4Al8Tgv-5zTQe7tLF,
FA-0239,2026-05-01,HF-477-XW,BPCE Car Lease,202605-15982,"Loyer leasing mai 2026 - HYUNDAI TUCSON HYB 1.6 (contrat 62137917, période 01/05/26-31/05/26)",leasing,751.67,150.33,902,,121uGTtZqMoT_asqgrdeg5fhqSDXo90DR,20260501-202605-15982.pdf
FA-0240,2026-04-01,HF-477-XW,BPCE Car Lease,202604-19680,"Loyer leasing avril 2026 - HYUNDAI TUCSON HYB 1.6 (contrat 62137917, période 01/04/26-30/04/26)",leasing,751.67,150.33,902,,1QCr3DC-pGZLz8u9D_DMP1AIsaTeeauZu,20260401-202604-19680.pdf
FA-0241,2026-03-01,HF-477-XW,BPCE Car Lease,202603-15465,"Loyer leasing mars 2026 - HYUNDAI TUCSON HYB 1.6 (contrat 62137917, période 01/03/26-31/03/26)",leasing,751.67,150.33,902,,1klMDeyYqTTgMfrWIKmgpJGyaHKjWf-tT,20260302-202603-15465.pdf
FA-0242,2026-02-01,HF-477-XW,BPCE Car Lease,202602-19418,"Loyer leasing février 2026 - HYUNDAI TUCSON HYB 1.6 (contrat 62137917, période 01/02/26-28/02/26)",leasing,751.67,150.33,902,,1I7GzMvZ41IAb6eCUj8ctNGHK8Oj-6fSL,20260204-202602-19418.pdf
FA-0243,2026-01-01,HF-477-XW,BPCE Car Lease,202601-14335,"Loyer leasing janvier 2026 - HYUNDAI TUCSON HYB 1.6 (contrat 62137917, période 01/01/26-31/01/26)",leasing,751.67,150.33,902,,1LRRh8jk3dl_OONIxiC3NjiMlFmNZr0su,20260101-202601-14335.pdf
FA-0244,2025-11-13,HF-477-XW,BPCE Car Lease,202511-27649,Malus écologique refacturé - HYUNDAI TUCSON HYB 1.6 HYBRID 215 INITIA AUTO (contrat 62137917),autre,400,80,480,,1_aicB7BAkLnqeeeQaW2OZ9dzD10xyWpT,20251114-202511-27649.pdf
FA-0245,2025-11-01,HF-477-XW,BPCE Car Lease,202511-20004,"Loyer leasing novembre 2025 - HYUNDAI TUCSON HYB 1.6 (contrat 62137917, période 01/11/25-30/11/25)",leasing,751.67,150.33,902,,1ZxQA80Y712Hh9tCekyyJIdN--YjHmAfI,20251101-202511-20004.pdf
FA-0246,2025-10-23,HF-477-XW,BPCE Car Lease,202510-38721,"Loyer leasing prorata octobre 2025 - HYUNDAI TUCSON HYB 1.6 (contrat 62137917, période 14/10/25-31/10/25)",leasing,444.83,88.97,533.8,,1x4A97cmF-7dtjp8Cv0jaS8470HJV83-y,20251023-202510-38721.pdf
FA-0247,2025-08-25,HE-739-WP,VAUBAN MOTORS (TOYOTA),2105549,"Avoir / remise promotionnelle sur Toyota C-HR HYB NG 140 Dynamic (locataire TJMAX, BPCE CAR LEASE)",autre,-300.42,-60.08,-360.5,,1JFk5J8Z_C_ATOZIGoiMu43VOWAz4-zcZ,003-PTO-17-2105549-401927-299190.pdf
FA-0248,2025-08-25,HE-739-WP,VAUBAN MOTORS (TOYOTA),2105548,"Facture VN Toyota C-HR HYB NG 140 Dynamic MY25 (livraison VN, locataire TJMAX, BPCE CAR LEASE)",achat,24959.58,4991.92,29951.5,,1lpJBKMXDfv4s7bXV2KHuZXcj6o1FWwpT,003-PTO-17-2105548-401927-299185.pdf
FA-0249,2026-05-01,HE-739-WP,BPCE Car Lease,202605-15982,"Loyer leasing mai 2026 - TOYOTA C-HR HYB 1.8 HYBRIDE (contrat 62134230, période 01/05/26-31/05/26)",leasing,586.82,117.36,704.18,,1tDXO3hmMqdNoq3ChtpjnNZACFrKYFAOa,20260501-202605-15982.pdf
FA-0250,2026-04-01,HE-739-WP,BPCE Car Lease,202604-19680,"Loyer leasing avril 2026 - TOYOTA C-HR HYB 1.8 HYBRIDE (contrat 62134230, période 01/04/26-30/04/26)",leasing,586.82,117.36,704.18,,18bnHw3NnpV8vrN6WIkkyYZEVkmWTBfox,20260401-202604-19680.pdf
FA-0251,2026-03-01,HE-739-WP,BPCE Car Lease,202603-15465,"Loyer leasing mars 2026 - TOYOTA C-HR HYB 1.8 HYBRIDE (contrat 62134230, période 01/03/26-31/03/26)",leasing,586.82,117.36,704.18,,188dCJA1V8bVUIeqtxrILQpk6jeSCEejk,20260302-202603-15465.pdf
FA-0252,2026-02-01,HE-739-WP,BPCE Car Lease,202602-19418,"Loyer leasing février 2026 - TOYOTA C-HR HYB 1.8 HYBRIDE (contrat 62134230, période 01/02/26-28/02/26)",leasing,586.82,117.36,704.18,,143ivj12lATxqoaBIZ1jaCMQV_JfdBsdM,20260204-202602-19418.pdf
FA-0253,2026-01-01,HE-739-WP,BPCE Car Lease,202601-14335,"Loyer leasing janvier 2026 - TOYOTA C-HR HYB 1.8 HYBRIDE (contrat 62134230, période 01/01/26-31/01/26)",leasing,586.82,117.36,704.18,,1DC8-9f3VaYmOf6IdaLDArtUa0IGncmg3,20260101-202601-14335.pdf
FA-0254,2025-11-01,HE-739-WP,BPCE Car Lease,202511-20004,"Loyer leasing novembre 2025 - TOYOTA C-HR HYB 1.8 HYBRIDE (contrat 62134230, période 01/11/25-30/11/25)",leasing,586.82,117.36,704.18,,1OBsih1XKumqq2d2WSSxH7DZUeq0JEisK,20251101-202511-20004.pdf
FA-0255,2025-10-01,HE-739-WP,BPCE Car Lease,202510-22008,"Loyer leasing octobre 2025 - TOYOTA C-HR HYB 1.8 HYBRIDE (contrat 62134230, période 01/10/25-31/10/25)",leasing,586.82,117.36,704.18,,1WxVWJApXyQ62JjP5uegFrGCWQSETCXIZ,20251001-202510-22008.pdf
FA-0256,2025-09-01,HE-739-WP,BPCE Car Lease,202509-19680,"Loyer leasing septembre 2025 - TOYOTA C-HR HYB 1.8 HYBRIDE (contrat 62134230, période 01/09/25-30/09/25)",leasing,586.82,117.36,704.18,,1fTPshLEP2Cioq3SJ6zNLiBEHcE84PSCH,20250901-202509-19680.pdf
FA-0257,2025-08-21,HE-739-WP,BPCE Car Lease,202508-32656,"Loyer leasing prorata août 2025 - TOYOTA C-HR HYB 1.8 HYBRIDE (contrat 62134230, période 18/08/25-31/08/25)",leasing,270.11,54.02,324.13,,1jMG6VhWr_3jTcwUHBfrUGA-WnlRtE-PV,20250823-202508-32656.pdf
FA-0258,2025-05-30,GD-056-CR,,,,cession,,,,,1zD9witmLsgoBciPy_SGPKNjlungreZSC,Code cession GD-056-CR.pdf
FA-0259,2025-11-03,GD-056-CR,CAR WORLD CONSULTING FRANCE,F-2025-296,"Freinage avant (disques/plaquettes), remplacement liquide de frein et purge, traitement déchets + énergie (Mercedes EQA)",entretien,578.26,115.65,693.91,77000,1oi2dOMjq_WC5mZOJ_C5wDEPcMSJs01Kh,Facture-TJMAX-CAR WORLD CONSULTING FRANCE-F-2025-296.pdf
FA-0260,2025-11-03,GD-056-CR,CAR WORLD CONSULTING FRANCE,F-2025-295,"4 pneus neufs Mercedes Hankook SUV, traitement déchets + énergie (Mercedes EQA)",entretien,725.54,145.11,870.65,77000,1JNuQ5CCeUlP-b9Zp32LK9uq0wAZsAZd6,Facture-TJMAX-CAR WORLD CONSULTING FRANCE-F-2025-295.pdf
FA-0261,2025-10-30,GD-056-CR,Autosécurité Arnouville,25110574,Procès-verbal de contrôle technique périodique - résultat défavorable (Mercedes EQA 250),entretien,,,,29407,12zA5fZMr3HDK3Ugvs4-5BWjMkVPHK36V,Numérisation_20251031.pdf
FA-0262,2025-10-30,GD-056-CR,CAR WORLD CONSULTING FRANCE,F-2025-293,"Révision constructeur plan Mercedes B1, balais essuie-glaces AV+AR, traitement déchets + énergie (Mercedes EQA)",entretien,287.9,57.58,345.48,76851,1ctG8x6FoHcOkVGn1GE4-mRQW1zEVWwK4,Facture-TJMAX-CAR WORLD CONSULTING FRANCE-F-2025-293.pdf
FA-0263,2025-10-30,GD-056-CR,CAR WORLD CONSULTING FRANCE,F-2025-294,Prestation présentation contrôle technique (Mercedes EQA SUV électrique),entretien,80,16,96,76851,1ufYtQwe01mbCsA90GrapQKFg8JXlaOgD,Facture-TJMAX-CAR WORLD CONSULTING FRANCE-F-2025-294.pdf
FA-0264,2025-06-02,GD-056-CR,CARGLASS,84795220,"Sinistre bris de glace - remplacement pare-brise avec recalibrage ADAS, balai essuie-glace AR (sinistre 19/05/2025, assurance Verspieren)",sinistre,906.55,181.31,1087.86,69022,1HDn46jqooH85gb6k3yLnRdi3vZq074VT,84795220-OR_acceptation_travaux.pdf
FA-0265,2025-05-30,GE-349-FZ,,,,cession,,,,,1yVqzPa2RDDcjK0Pc663uCPeRqFrZecu-,2x Code cession GE-349-FZ.pdf
FA-0266,2026-01-05,GE-349-FZ,Autosécurité Arnouville,26113079,Procès-verbal de contrôle technique périodique - résultat favorable (Mercedes EQA classe),entretien,,,,74207,1rJQs8c-pbiYg45MSEB5OCQIZSl62roas,CT-GE349FZ.pdf
FA-0267,2026-01-05,GE-349-FZ,CAR WORLD CONSULTING FRANCE,F-2026-361,Prestation présentation contrôle technique (Mercedes EQA VL élec),entretien,80,16,96,74207,1CcjXrRc2h2xKG2zuBSoNURpRByXJgWBO,Facture-TJMAX-CAR WORLD CONSULTING FRANCE-F-2026-361.pdf
FA-0268,2025-05-30,GJ-529-WE,,,,cession,,,,,1UDQ7RbSOE1y9WTpQ_MukeFZiAnQhDnP6,Code cession GJ-529-WE.pdf
FA-0269,2025-05-16,GR-585-HP,CAR WORLD CONSULTING FRANCE,F-2025-187,,entretien,468.73,93.75,562.48,42578,1MN3QOvVjHCvhTcLfFTAoF7gicI01S_sC,Facture-TJMAX-CAR WORLD CONSULTING FRANCE-F-2025-187.pdf
FA-0270,2025-05-16,GR-585-HP,CAR WORLD CONSULTING FRANCE,F-2025-186,"Révision constructeur (huile 5W30 RN17, filtres huile/air/habitacle, 4 bougies, balais essuie-glaces, désinfection clim, compléments fluides), traitement déchets + énergie (Dacia Duster)",entretien,622.94,124.59,747.53,42578,14LJAYWUG71vmSYm5MBMiK_M_GERJj1uY,Facture-TJMAX-CAR WORLD CONSULTING FRANCE-F-2025-186.pdf
FA-0271,2026-05-05,GR-585-HP,CAR WORLD CONSULTING FRANCE,F-2026-454,"Remplacement batterie télécommande, équilibrage 4 roues offert, nettoyage offert (Dacia Duster)",entretien,29.9,5.98,35.88,67165,1IV770MDGj3M6mHmgIA7iXofhOiM4zmZx,Facture-TJMAX-CAR WORLD CONSULTING FRANCE-F-2026-454.pdf
FA-0272,2026-03-05,GR-585-HP,CAR WORLD CONSULTING FRANCE,F-2026-420,"4 pneus neufs 4 saisons premium (Hankook/Michelin/Pirelli) avec montage et équilibrage, contrôle géométrie/parallélisme offert (Dacia Duster)",entretien,738.24,147.65,885.89,62716,1St6sehTS_f7Hhd-8VRhCnkWMjWGL3Ftt,Facture-TJMAX-CAR WORLD CONSULTING FRANCE-F-2026-420.pdf
FA-0273,2026-03-05,GR-585-HP,CAR WORLD CONSULTING FRANCE,F-2026-421,,réparation,1170.13,234.02,1404.15,62716,1dT8h0vhKRgzpc_vW0y8hxksxEYYeEVaX,Facture-TJMAX-CAR WORLD CONSULTING FRANCE-F-2026-421.pdf
FA-0274,2026-03-05,GR-585-HP,CAR WORLD CONSULTING FRANCE,F-2026-419,"Révision constructeur (huile RN720 05W30 Castrol, filtre huile, joint de vidange), remplacement filtre habitacle et filtre à air (Dacia Duster)",entretien,170.27,34.05,204.32,62716,1S6_jPfX2Lr1hu9FVm6-epC288SpcpvCI,Facture-TJMAX-CAR WORLD CONSULTING FRANCE-F-2026-419.pdf
FA-0275,2026-02-11,FF-304-GL,CAR WORLD CONSULTING FRANCE,F-2026-410,"Vidange boite de vitesses automatique, remplacement liquide de refroidissement avec purge, pompe a eau, bougies, courroie accessoires, filtres",entretien,2244.93,448.99,2693.92,188144,1COJoY_c2eWE3U7y9-Ocuhl6nc77xifBH,Facture-TJMAX-CAR WORLD CONSULTING FRANCE-F-2026-410.pdf
FA-0276,2025-12-04,FF-304-GL,CAR WORLD CONSULTING FRANCE,F-2025-310,Prestation presentation CT vehicule hybride,entretien,90,18,108,186903,1CcCcLovEEMJmnWEPCdkNFuhtos8883Ri,Facture-TJMAX-CAR WORLD CONSULTING FRANCE-F-2025-310.pdf
FA-0277,2025-12-04,FF-304-GL,CAR WORLD CONSULTING FRANCE,F-2025-308,,réparation,479.22,95.85,575.07,186903,1z3nfCtMHP6l_4I20CV3jEfsMcGwTUT_Y,Facture-TJMAX-CAR WORLD CONSULTING FRANCE-F-2025-308.pdf
FA-0278,2025-12-04,FF-304-GL,CAR WORLD CONSULTING FRANCE,F-2025-309,"Pneu ref Mercedes, depose pose roue AV G, equilibrage, lave-glace",entretien,320.75,64.15,384.9,186903,1Rpk-60On394NF1L_N-t7Ov6Jfafjg2ww,Facture-TJMAX-CAR WORLD CONSULTING FRANCE-F-2025-309.pdf
FA-0279,2025-12-04,FF-304-GL,Autosécurité Arnouville,25111963,Controle technique periodique - resultat favorable - validite 03/12/2027,entretien,,,,186925,195rBBzm_u_5mWvZw9xmZpP09eNHert-w,CT-CLASSE-S.pdf
FA-0280,2025-10-02,FF-304-GL,CAR WORLD CONSULTING FRANCE,F-2025-282,"2 pneus ref constructeur, depose pose 2 roues AV, equilibrage, valves, controle 4 roues",entretien,716.88,143.38,860.26,183903,1C5YOSBZoDEQ9e8x4ZiR4Co14dO09ba-m,Facture-TJMAX-CAR WORLD CONSULTING FRANCE-F-2025-282.pdf
FA-0281,2025-07-29,FF-304-GL,CAR WORLD CONSULTING FRANCE,F-2025-248,"4 pneus reference constructeur, depose pose 4 roues, equilibrage, valves, parallelisme/geometrie",entretien,1525,305,1830,182046,1U3-d_81xQKicbYtp-fKW5kH-BVW153fb,Facture-TJMAX-CAR WORLD CONSULTING FRANCE-F-2025-248.pdf
FA-0282,2025-07-25,FF-304-GL,CAR WORLD CONSULTING FRANCE,F-2025-240,Faisceaux remise en etat - voyant moteur masse reparee remplacement du faisceaux,réparation,252,50.4,302.4,181878,1dYfQaAQxH9ZqZlzXzc7NYP7jVk9ib4VA,Facture-TJMAX-CAR WORLD CONSULTING FRANCE-F-2025-240.pdf
FA-0283,2025-07-25,FF-304-GL,CAR WORLD CONSULTING FRANCE,F-2025-238,,réparation,683.56,136.71,820.27,11878,1_AjPmaOWQkkIXjjCVvi1m-XB0Tibnl6A,Facture-TJMAX-CAR WORLD CONSULTING FRANCE-F-2025-238.pdf
FA-0284,2025-07-25,FF-304-GL,CAR WORLD CONSULTING FRANCE,F-2025-239,"Remplacement bloc optique - phare avant, 2 calculateurs, reglage camera panoramique, reprogrammation",réparation,3545.99,709.2,4255.19,181878,1lq0c7EYo2AiqzS1-GNI__CdobpK17P4K,Facture-TJMAX-CAR WORLD CONSULTING FRANCE-F-2025-239.pdf
FA-0285,2025-06-18,FF-304-GL,CAR WORLD CONSULTING FRANCE,F-2025-204,,réparation,363.66,72.73,436.39,178633,12-y1XfSrhBWEcK73w0b3VzfJOw7pkRzL,Facture-TJMAX-CAR WORLD CONSULTING FRANCE-F-2025-204.pdf
FA-0286,2025-04-29,FF-304-GL,CAR WORLD CONSULTING FRANCE,F-2025-175,"Tender courroie, vis torx, courroie, operation complexe, nettoyant frein pro",réparation,439.95,88,527.95,175961,1GoejChcwIlJCAlVYVMRyFRTyg_PBhFOA,Facture-TJMAX-CAR WORLD CONSULTING FRANCE-F-2025-175.pdf
FA-0287,2025-04-29,FF-304-GL,CAR WORLD CONSULTING FRANCE,F-2025-174,"Revision constructeur Service B - huile moteur, filtre a huile, joint vidange, filtre air x2, filtre habitacle, desinfection clim, 6 bougies",entretien,879.24,175.85,1055.09,175961,1HJpIGtnksRTVV0pjcfkxI0ZSxJB6htnx,Facture-TJMAX-CAR WORLD CONSULTING FRANCE-F-2025-174.pdf
FA-0288,2025-04-29,FF-304-GL,CAR WORLD CONSULTING FRANCE,F-2025-176,"Freinage AR - disques de frein arriere hors cote, montage jeu disques AR vent+plaquettes",réparation,981.24,196.26,1177.5,175961,1qPAoOrT0Fqu5E5OiqRCdeig0CUWbn9AX,Facture-TJMAX-CAR WORLD CONSULTING FRANCE-F-2025-176.pdf
FA-0289,2025-05-30,GT-565-XR,,,,cession,,,,,1xI2yC0ULshp5xkPWrdZzE1nXqEw74HbL,Code cession GT-565-XR.pdf
FA-0290,2025-12-22,GT-565-XR,CAR WORLD CONSULTING FRANCE,F-2025-348,Balais essuie-glaces AV,entretien,50,10,60,27737,1Ta5_lRLn_GpNjaC9TH6nGjJhskYBqCj-,Facture-TJMAX-CAR WORLD CONSULTING FRANCE-F-2025-348.pdf
FA-0291,2025-12-22,GT-565-XR,CAR WORLD CONSULTING FRANCE,F-2025-347,"Lave-glace, remplacement liquide de frein, traitement anti bac/purifiant clim",entretien,153,30.6,183.6,27737,1H_tGdzNZjqC3PcHfFIe7yP8AGk7GfdhN,Facture-TJMAX-CAR WORLD CONSULTING FRANCE-F-2025-347.pdf
FA-0292,2020-09-04,FS-224-PB,E-motors,2/202009/000040,Nissan Qashqai Pack N-Style Plus DIG-T 160 DCT avec Toit Pano - achat vehicule,achat,19506.43,3754.33,23260.76,10,1Mfju_ef42e8ttPHF70HMV5ihFPUVHc71,FS-224-PB FACTURE D ACHAT.pdf
FA-0293,2026-02-05,FS-224-PB,CAR WORLD CONSULTING FRANCE,F-2026-402,"Ampoule croisement x2, reglage phare avant x2",réparation,125.9,25.18,151.08,145082,1-HqhPRLKT-Bd59QynBNRKF1XnOlsukdq,Facture-TJMAX-CAR WORLD CONSULTING FRANCE-F-2026-402.pdf
FA-0294,2026-02-05,FS-224-PB,Autosécurité Arnouville,26114274,Contre-visite controle technique - resultat favorable - validite 01/02/2028,entretien,,,,145104,1I5XemsbVr-3Al3gsDRSeU91irZlsirbm,CT-VALIDE-FS224PB.pdf
FA-0295,2026-02-05,FS-224-PB,CAR WORLD CONSULTING FRANCE,F-2026-403,"Cartouche filtrante moteur, cartouche filtrante habitacle, lave-glace",entretien,124.85,24.97,149.82,145082,1HoZrHjQY8ZtATMVS67gdC2ywA1ysLLe-,Facture-TJMAX-CAR WORLD CONSULTING FRANCE-F-2026-403.pdf
FA-0296,2026-02-05,FS-224-PB,CAR WORLD CONSULTING FRANCE,F-2026-404,Prestation contre-visite SUV,entretien,40,8,48,145082,16K5RrMQA_GgZgzwQdGQXnixscDZ0Whmm,Facture-TJMAX-CAR WORLD CONSULTING FRANCE-F-2026-404.pdf
FA-0297,2026-02-05,FS-224-PB,CAR WORLD CONSULTING FRANCE,F-2026-401,,réparation,774.97,154.99,929.96,145082,1aBBqu7VSWQ6FkFRWIMn21NbVZJyQ6JF1,Facture-TJMAX-CAR WORLD CONSULTING FRANCE-F-2026-401.pdf
FA-0298,2026-02-02,FS-224-PB,CAR WORLD CONSULTING FRANCE,F-2026-397,Prestation presentation CT,entretien,75,15,90,145082,1ZA35mrXuXpDYdEbtfklajv3NfXpgBxKb,Facture-TJMAX-CAR WORLD CONSULTING FRANCE-F-2026-397.pdf
FA-0299,2025-06-02,FS-224-PB,Autosécurité Arnouville,25104406,Controle technique periodique - resultat defavorable defaillances majeures (direction),entretien,,,,132755,1Cf3G7-z5Aomwfg1EQt74aRecGesTuYUr,CT 2025.pdf
FA-0300,2025-12-03,FS-224-PB,CAR WORLD CONSULTING FRANCE,F-2025-304,,réparation,1741.35,348.26,2089.61,140571,1P_1aqPjKxhsMNpkUt7uAu_awEs1QNdPY,Facture-TJMAX-CAR WORLD CONSULTING FRANCE-F-2025-304.pdf
FA-0301,2025-10-01,FS-224-PB,CAR WORLD CONSULTING FRANCE,F-2025-277,"Alternateur complet, courroie ventilateur, sondes lambda amont/aval, remplacement liquide refroidissement, pompe eau, diagnostic",réparation,1999.33,399.87,2399.2,138623,17ZZCxCCEExbzuAeHZatJdodhoxtHva6B,Facture-TJMAX-CAR WORLD CONSULTING FRANCE-F-2025-277.pdf
FA-0302,2025-07-09,FS-224-PB,CAR WORLD CONSULTING FRANCE,F-2025-228,"Revision constructeur - huile RN17 5W30, filtre a huile, joint de vidange, complement fluides",entretien,159,31.8,190.8,134738,1qNw5TRBSUtWszOTySqI8RLblcXgIBLal,Facture-TJMAX-CAR WORLD CONSULTING FRANCE-F-2025-228.pdf
FA-0303,2025-06-30,FS-224-PB,CAR WORLD CONSULTING FRANCE,F-2025-215,"Recharge climatisation gaz 1234yf, nettoyage circuit de clim",entretien,190,38,228,133000,1t1FPU8A0jq8RG7BweoWUnEydMPV0Osjw,Facture-TJMAX-CAR WORLD CONSULTING FRANCE-F-2025-215.pdf
FA-0304,2025-06-04,FS-224-PB,CAR WORLD CONSULTING FRANCE,F-2025-199,Prestation presentation contre-visite controle technique,entretien,50,10,60,132809,1U631ZoRxffle4Bq6IhW0oGqF0cELPs3C,Facture-TJMAX-CAR WORLD CONSULTING FRANCE-F-2025-199.pdf
FA-0305,2025-06-04,FS-224-PB,Autosécurité Arnouville,25104527,Contre-visite controle technique - resultat favorable - validite 01/06/2027,entretien,,,,132870,18bKQRyDlNqCe2_RsrywFF_7ucsFk7IU9,CONTRE VISITE CT 2025.pdf
FA-0306,2025-06-03,FS-224-PB,CAR WORLD CONSULTING FRANCE,F-2025-198,"2 pneus neufs ref constructeur SUV, depose pose 2 roues, montage, equilibrage, valves",entretien,348.09,69.62,417.71,132809,1gli_ax-xGKa5Qf3a05-pNtz2k_7c_TeV,Facture-TJMAX-CAR WORLD CONSULTING FRANCE-F-2025-198.pdf
FA-0307,2025-06-03,FS-224-PB,CAR WORLD CONSULTING FRANCE,F-2025-197,"Suite controle technique defavorable - biellettes barre stabilisatrice, rotule direction, biellette direction interieure, parallelisme/geometrie",réparation,1043.66,208.73,1252.39,132809,1UfJMKGgCnjPEGvGnvaJbyWZ59Q6HkS31,Facture-TJMAX-CAR WORLD CONSULTING FRANCE-F-2025-197.pdf
FA-0308,2025-06-02,FS-224-PB,CAR WORLD CONSULTING FRANCE,F-2025-193,Prestation presentation CT,entretien,70,14,84,132755,1Y1PXC_suJ8bB1lWG8Ip6pu-tE20LvBlH,Facture-TJMAX-CAR WORLD CONSULTING FRANCE-F-2025-193.pdf
FA-0309,2025-05-30,GP-232-WF,,,,cession,,,,,1Ukxwg0WaZPzc5o6E7QKnytzqKA2hfbhB,Code cession GP-232-WF.pdf
FA-0310,2023-10-02,GP-232-WF,Aramisauto,R404674,Peugeot 5008 Allure Pack 1.2 Puretech 130 EAT8 Noir Perla Nera - achat vehicule,achat,28530.93,5638.83,34169.76,10,1gyk0AcwBFShAEIoWaEAkbe5CVKFskh3C,GP-232-WF FACTURE D ACHAT.pdf
FA-0311,2023-03-30,FF-777-XK,Aramisauto,P8915,Volvo XC60 Inscription Luxe T8 Twin Engine 303+87 Blanc Glace - facture proforma achat,achat,48099.43,117.33,48216.76,35835,1CMJywF85c6GggphFMqxkK0zNcUuaY_ul,FF-777-XK FACTURE PROFORMA D ACHAT.pdf
FA-0312,2025-05-23,FF-777-XK,ANTIBES CONTROLE TECHNIQUE AUTOMOBILE (AUTOVISION),558134,Controle technique Volvo XC60,entretien,58.33,11.67,70,88874,1JzpnccT56GnKHbr01-KLjsHzN-O9sq8Q,CT 2025.png
FA-0313,2019-08-22,FJ-607-QH,PSA RETAIL LA DEFENSE,24775928,Peugeot SUV 3008 Allure PureTech 180 S&S EAT8 - achat vehicule neuf,achat,27988.05,5485.85,33473.9,,1UNxxR1S1CPXB99z4QiiZCKu6PxA3mUc1,FJ-607-QH FACTURE D ACHAT.pdf
FA-0314,2026-03-27,FJ-607-QH,STELLANTIS & YOU ESPANA (PEUGEOT),TM0834318,"Entretien Peugeot 3008 - operations systematiques de maintenance, filtre huile, huile Ineo First 0W30, 4 pneus Michelin Primacy 5 225/55 R18, plaquettes frein, liquide frein, filtre antipolen, lampe phare",entretien,1317.96,276.77,1594.73,250088,1luRy1xTm1kPdFkYnQhl4o09Dx0bk9vZv,IMG_1021.jpg
FA-0315,2025-04-30,FJ-607-QH,STELLANTIS & YOU ESPANA (PEUGEOT),TM0830166,"Carrosserie Peugeot 3008 - depose/montage paragolpes delantero, depose/montage faro derecho et reparation, kit support faro, embellecedor, materiel de peinture",réparation,808.63,169.81,978.44,223900,1XCryQ5Qm5_i1ajzIW9QOfhxxbibiw4M7,CamScanner 30-04-2025 10.07 (1).pdf
FA-0316,2025-04-01,FJ-607-QH,MONTCONTROLE (NORISKO),25080199,Controle technique periodique VP essence Peugeot 3008 - resultat favorable - validite 31/03/2027,entretien,66.67,13.33,80,223151,1bZQhJzreGl9FefozrgvFpllxREXnIsMh,CamScanner 01-04-2025 15.58.pdf
FA-0317,2023-01-19,GK-281-CC,BAS World B.V.,VHI151830,"Achat véhicule Iveco Daily 35C16, châssis ZCFCA35B80D669687",achat,46200,,46200,254,1WNHSIG60KtdFBS8k1AUXBrpqbkwWC_0l,GK-281-CC FACTURE D ACHAT.pdf
FA-0318,,GW-075-EZ,,,,cession,,,,,1c8LZlrdcJVi6rYNdVlGQMLIP-CchTmTz,Code cession GW-075-EZ.pdf
FA-0319,2024-04-10,GW-075-EZ,ELITE AUTO,1FVN001562,"Achat véhicule neuf Peugeot 5008 PureTech 130ch S&S EAT8 Active Pack Blanc Nacré, VIN VF3MRHNSUPS023953",achat,27323.59,5144.17,32467.76,10,1WoGPTT5PtH_g7DHDmyqX0800DP77lBdQ,GW-075-EZ FACTURE D ACHAT.pdf
FA-0320,2025-12-02,GW-075-EZ,SARL LD AUTOMOBILES,306225,"Révision: vidange, filtre huile, lave-glace, liquide refroidissement, filtre habitacle (charbon), remplacement disques et plaquettes arrière",entretien,571.42,114.28,685.7,85030,1ubf0XgYA9W1tUd5VQjLBBCIlTIwcIt45,FACTURE REVISION .pdf
FA-0321,,GW-075-EZ,LD AUTOMOBILES,,Document scanné illisible (lien web Spendesk),autre,,,,,1BzDBMErfQE_d4meJ_tkU10iSL_BmQD0p,FACTURE  LD AUTOMOBILES.pdf
FA-0322,2025-12-23,GW-075-EZ,Verspieren,APO 30649157,"Déclaration sinistre - percussion chevreuil le 18/12/2025, accusé réception assureur, franchise 300€",sinistre,,,,,1tPZgZQjkfG8UvUP94KJJ5awc2BH4ijMg,Messagerie Gov Denim - APO 30649157 - GW-075-EZ.pdf
FA-0323,2025-12-23,GW-075-EZ,Verspieren,APO 30649157,Accusé réception déclaration sinistre - événement 18/12/2025 - franchise 300€,sinistre,,,,,1dv03x9dYeEtEydHHMm81CNISeU7p-LbH,20975492.PDF
FA-0324,2025-03-03,HB-733-DE,CAR WORLD CONSULTING FRANCE,F-2025-138,"Achat véhicule neuf BYD SEAL U DM-I BOOST, VIN LGXC74C46R0756690, couleur Snow White, MEC 28/12/2024",achat,29897.5,5979.5,35877,,1Vj9IUK4k6pRcgWFhCM9kYzvCM6OvAW2a,HB-733-DE FACTURE D ACHAT.pdf
FA-0325,2026-04-09,HB-733-DE,CAR WORLD CONSULTING FRANCE,F-2026-443,"Remplacement cache complet avec isolant BYD, kit visserie",réparation,200,40,240,24554,1lOKth6LXTWW5uj9_3-xA_9IYoBDPJ8dF,Facture-TJMAX-CAR WORLD CONSULTING FRANCE-F-2026-443.pdf
FA-0326,2025-04-07,HB-733-DE,CAR WORLD CONSULTING FRANCE,F-2025-158,Débours carte grise BYD SEAL U DM-I,autre,288.76,,288.76,,1kOO0Ta3oiw0IIX6gpgv4P_SVT0L-C__M,Facture-TJMAX-CAR WORLD CONSULTING FRANCE-F-2025-158.pdf
FA-0327,2025-12-31,HB-733-DE,CAR WORLD CONSULTING FRANCE,F-2025-358,"Pneus neufs SUV hybride x2, dépose/pose roue, montage, équilibrage, pack service premium",entretien,450.5,90.1,540.6,18012,12F1Ad1X8_6tmisSO3j5mVYaeH8nP9Q-O,Facture-TJMAX-CAR WORLD CONSULTING FRANCE-F-2025-358.pdf
FA-0328,2025-11-26,HB-733-DE,CAR WORLD CONSULTING FRANCE,F-2025-302,"Révision constructeur BYD (huile, filtres) + pack service premium - première révision offerte",entretien,,,,16099,1bF_oBeT0pHQLRBPcblSYdhxzDX_5ZJW1,Facture-TJMAX-CAR WORLD CONSULTING FRANCE-F-2025-302.pdf
FA-0329,2025-04-22,HB-733-DE,CAR WORLD CONSULTING FRANCE,F-2025-169,,réparation,330.66,66.13,396.79,1500,1DI3cnDO2O1_yYq4g9KBQSirHGdqAknrB,Facture-TJMAX-CAR WORLD CONSULTING FRANCE-F-2025-169.pdf
FA-0330,2025-03-03,HB-733-DE,CAR WORLD CONSULTING FRANCE,F-2025-138,"Achat véhicule neuf BYD SEAL U DM-I BOOST (doublon dossier 2025), VIN LGXC74C46R0756690",achat,29897.5,5979.5,35877,,1yzQZ4fZ0ysGFUFjft-os3Bae-AMw9eEF,Facture-TJMAX-CAR WORLD CONSULTING FRANCE-F-2025-138.pdf
FA-0331,2025-04-08,HB-733-DE,,2025BL39828,,autre,,,288.76,,1ahhJ1YpLNn6N5fNswMmg2JBG7Nqi_ywd,HB-733-DE.pdf
FA-0332,2025-04-11,HB-733-DE,Verspieren,,,sinistre,,,,,1RAkweILCBBG4BCjCYj5EHSZEdvGyCVbe,
FA-0333,2025-04-22,HB-733-DE,CAR WORLD CONSULTING FRANCE,F-2025-169,,sinistre,330.66,66.13,396.79,1500,1PyGUdRxnvHCH8U1Ha1swFKTrpWUHFwXe,Facture-TJMAX-CAR WORLD CONSULTING FRANCE-F-2025-169.pdf
FA-0334,2025-04-15,HB-733-DE,Verspieren,APO 30606809,Accusé réception déclaration sinistre - événement 11/04/2025 - tiers BELEH Mohamed - police 011165247/0599,sinistre,,,,,1sdU3xrPtZcrIX4EZ98v2FP7Bp4eDA2jA,21878682.PDF
FA-0335,,GW-173-JV,,,,cession,,,,,1NWSBBINtVdSOFPFvcF-cBqaPUmXFiFvu,Code cession GW-173-JV.pdf
FA-0336,2024-04-23,GW-173-JV,ELITE AUTO,1FVN001609,"Achat véhicule neuf Peugeot 5008 PureTech 130ch S&S EAT8 Active Pack Blanc Nacré, VIN VF3MRHNSUPS045907",achat,25815.83,5144.17,30960,1,1xXTLVZ-9oQzeH8OQgQ4TI3Y-3I8jELG2,GW-173-JV FACTURE D ACHAT.pdf
FA-0337,2025-02-10,GW-173-JV,CARROSSERIE CAZENAVE ELSUZARO (Five Star),2388/1,,sinistre,3199.57,639.91,3839.48,21618,1ACWGPu0oNVRW6tTL-YqetzqX_AS6xp_n,FA2388-1.pdf
FA-0338,2025-02-10,GW-173-JV,CARROSSERIE CAZENAVE ELSUZARO (Five Star),2389/1,"Réparation collision avant - spoiler pare-chocs avant, feu diurne D, enjoliveurs, peinture - sinistre du 24/06/2024 (MACIF)",sinistre,1339.34,267.87,1607.21,21618,1rGdv_Rh696zxoDRqHfPnjS97UewhK8uk,FA2389-1.pdf
FA-0339,,FZ-301-YZ,,,,cession,,,,,1AfKxPB2ezvwprmCaYpiopvAI0DsaZ6FJ,Code cession FZ-301-YZ.pdf
FA-0340,2026-02-02,FZ-301-YZ,CAR WORLD CONSULTING FRANCE,F-2026-398,"Obturateur de pare-chocs Peugeot 5008, participation énergie",réparation,52.01,10.4,62.41,104725,1UAkQaz13-gSeQm3ACH8HYKj-ONSi7c0q,Facture-TJMAX-CAR WORLD CONSULTING FRANCE-F-2026-398.pdf
FA-0341,2026-01-27,FZ-301-YZ,CAR WORLD CONSULTING FRANCE,F-2026-386,"Révision constructeur Peugeot 5008 (huile 5W30 PSA, filtre huile, joint vidange, filtre air, bougies x3, filtre habitacle, balais essuie-glaces, liquide refroidissement)",entretien,724.48,144.9,869.38,104725,1vnylIILNLHWSTn3Miix9Q1Gk1fFLZp96,Facture-TJMAX-CAR WORLD CONSULTING FRANCE-F-2026-386.pdf
FA-0342,2025-07-21,FZ-301-YZ,CAR WORLD CONSULTING FRANCE,F-2025-233,"Kit distribution moteur PureTech, pignons arbre à cames, pompe à eau, courroie, kit courroie accessoires, remplacement courroie moteur",réparation,2186,437.2,2623.2,93578,1I3GhGSoj5yh_tlZGV4AJnldiYP3qwSvO,Facture-TJMAX-CAR WORLD CONSULTING FRANCE-F-2025-233.pdf
FA-0343,2025-07-16,FZ-301-YZ,CAR WORLD CONSULTING FRANCE,F-2025-231,"Recharge climatisation gaz 1234YF, nettoyage système clim",entretien,190,38,228,93165,1vAd7KZ6vbFykElJeol6DxRDd9zeHHp-s,Facture-TJMAX-CAR WORLD CONSULTING FRANCE-F-2025-231.pdf
FA-0344,2025-07-16,FZ-301-YZ,CAR WORLD CONSULTING FRANCE,F-2025-230,"Révision constructeur Peugeot 5008 (huile 5W30, filtre à huile, joint vidange, lave-glace), remplacement liquide refroidissement, filtre à air, filtre habitacle",entretien,503.27,100.66,603.93,93165,1n3oVPPS30_C8iG2rpclrxKqBG8vj77rB,Facture-TJMAX-CAR WORLD CONSULTING FRANCE-F-2025-230.pdf
FA-0345,2025-02-26,FZ-301-YZ,CAR WORLD CONSULTING FRANCE,F-2025-134,"Prestation présentation contrôle technique, nettoyage intérieur et extérieur (offert)",entretien,66.67,13.33,80,,1VHiCRM7JJMH1qt6JO7HpkKt1r7mewPrT,Facture-TJMAX-CAR WORLD CONSULTING FRANCE-F-2025-134.pdf
FA-0346,2025-02-25,FZ-301-YZ,CAR WORLD CONSULTING FRANCE,F-2025-132,"Entretien complet PSA (huile 5W30, filtres huile/air/habitacle, bougies x3, balais, lave-glace, liquide refroidissement, désinfection, diag batterie)",entretien,575.24,115.05,690.29,88594,1CZsoIRwtnUW5MD3gPZ-FhILnZ2O82li6,Facture-TJMAX-CAR WORLD CONSULTING FRANCE-F-2025-132.pdf
FA-0347,2025-02-25,FZ-301-YZ,CAR WORLD CONSULTING FRANCE,F-2025-133,"Disques et plaquettes AV, plaquettes de frein AR, participation énergie, frais gestion déchets",réparation,804.21,160.84,965.05,88594,1hZ-MYCIA-4q9myFupybFFIoEKSQr3DSc,Facture-TJMAX-CAR WORLD CONSULTING FRANCE-F-2025-133.pdf
FA-0348,2026-01-12,FZ-301-YZ,Constat amiable,,,sinistre,,,,,1TIUtWaIJ5Z5L2qSOddvYHaINCYVL79VI,Constat 12/01/26.pdf
FA-0349,2025-02-19,HB-844-DE,CAR WORLD CONSULTING FRANCE,F-2025-128,"Achat véhicule neuf BYD SEAL U DM-I BoostHybride, VIN LGXC74C48R0753404, MEC 28/12/2024 (solde après acompte F-2025-125)",achat,34490,,34490,,11ANUjB-f-cEVFB_ZaR7UCdMcquKYSKgb,HB-844-DE FACTURE D ACHAT.pdf
FA-0350,2026-02-12,HB-844-DE,CAR WORLD CONSULTING FRANCE,F-2026-411,"Balais essuie-glaces AV+AR, lave-glace -20, nettoyage intérieur et extérieur à la main",entretien,169.17,33.83,203,17401,1IUgJBbumGJmfGMMQisWL_zLZD9v6CHVV,Facture-TJMAX-CAR WORLD CONSULTING FRANCE-F-2026-411.pdf
FA-0351,2026-02-03,HB-844-DE,CAR WORLD CONSULTING FRANCE,F-2026-400,"Prestation prise en charge véhicule, véhicule de courtoisie offert 2 jours",entretien,106.2,21.24,127.44,,1vGSbScwZWOkdHJlvDjN2Hr6z6ybQlDcw,Facture-TJMAX-CAR WORLD CONSULTING FRANCE-F-2026-400.pdf
FA-0352,2026-02-03,HB-844-DE,CAR WORLD CONSULTING FRANCE,F-2026-399,"Révision constructeur offerte (huile moteur 0W20, filtres BYD, nettoyant frein) - suite achat véhicule facture 128",entretien,,,,16927,16vDCp8r6HBji9UO4QF8S_kVsdsITgvjf,Facture-TJMAX-CAR WORLD CONSULTING FRANCE-F-2026-399.pdf
FA-0353,2025-04-09,HB-844-DE,CAR WORLD CONSULTING FRANCE,F-2025-160,Débours carte grise BYD SEAL U DM-I,autre,288.76,,288.76,,1DmAJ0uXFeWoB2agkQv8By1Wn5-5V1Jk-,Facture-TJMAX-CAR WORLD CONSULTING FRANCE-F-2025-160.pdf
FA-0354,2025-04-25,HB-844-DE,CAR WORLD CONSULTING FRANCE,F-2025-171,Nettoyage intérieur et extérieur 4x4 / SUV 5 portes,entretien,100,20,120,2046,1GDY9X07expSSkClZh8EMmxuPTy0pwMX7,Facture-TJMAX-CAR WORLD CONSULTING FRANCE-F-2025-171.pdf
FA-0355,2025-02-19,HB-844-DE,CAR WORLD CONSULTING FRANCE,F-2025-128,PAYE - Achat véhicule neuf BYD SEAL U DM-I (solde après acompte F-2025-125),achat,34490,,34490,,1uhtxWDxDl8Vet4HxEKOJt2AlHeRo-Om4,PAYE-Facture-TJMAX-CAR WORLD CONSULTING FRANCE-F-2025-128.pdf
FA-0356,2025-02-19,HB-844-DE,CAR WORLD CONSULTING FRANCE,F-2025-128,Achat véhicule neuf BYD SEAL U DM-I (solde après acompte F-2025-125),achat,34490,,34490,,1Qvq_YEwDmA-AOtVu0dNSsEDUuGNEcvJm,Facture-TJMAX-CAR WORLD CONSULTING FRANCE-F-2025-128.pdf
FA-0357,2023-03-23,GM-548-QA,ELITE AUTO COIGNIERES,1FVN000507,"Achat véhicule neuf PEUGEOT 3008 Puretech 130ch S&S EAT8 Active Pack, Gris Platinium, VIN VF3MRHNSUNS098574, MEC 07/07/2022 + carte grise et malus",achat,27685.93,5388.83,33074.76,10,15DasoXrSpB3lnt352Kpl7jWE7QwI0e_3,GM-548-QA FACTURE D ACHAT.pdf
FA-0358,2025-12-23,GM-548-QA,CAR WORLD CONSULTING FRANCE,F-2025-350,,entretien,1105.97,221.19,1327.16,78613,1OTl5MgN0yWSHJtdTSyYVHpLxoGrqcTvw,Facture-TJMAX-CAR WORLD CONSULTING FRANCE-F-2025-350.pdf
FA-0359,2025-12-23,GM-548-QA,CAR WORLD CONSULTING FRANCE,F-2025-353,,réparation,473.65,94.73,568.38,78613,1CvSQsMCeo4uMu5Te0v1gJ5iCIxKGWQNb,Facture-TJMAX-CAR WORLD CONSULTING FRANCE-F-2025-353.pdf
FA-0360,2025-12-23,GM-548-QA,CAR WORLD CONSULTING FRANCE,F-2025-351,"4 pneus neufs + dépose/pose, montage, équilibrage, valve, pression",entretien,719.4,143.88,863.28,78613,14ixdhiSXjkmm2nsyjyQ_akUoMy-u8ptx,Facture-TJMAX-CAR WORLD CONSULTING FRANCE-F-2025-351.pdf
FA-0361,2025-12-22,GM-548-QA,CAR WORLD CONSULTING FRANCE,F-2025-349,"Révision constructeur (huile 5W30, filtres, bougies, joint, lave-glace), balais essuie-glaces, pack service premium",entretien,530.66,106.13,636.79,78613,154I6vyTZWkUNFFETe2DWizw7wTpUpCPk,Facture-TJMAX-CAR WORLD CONSULTING FRANCE-F-2025-349.pdf
FA-0362,2025-12-23,GM-548-QA,CAR WORLD CONSULTING FRANCE,F-2025-352,Remplacement et purge liquide de refroidissement,entretien,79,15.8,94.8,78613,1QCLKNgturfLJC9Ny6M_K0MQXSBxVDrg7,Facture-TJMAX-CAR WORLD CONSULTING FRANCE-F-2025-352.pdf
FA-0363,2025-01-16,GM-548-QA,CAR WORLD CONSULTING FRANCE,F-2025-83,"Kit distribution complète moteur PSA Puretech, entretien complet PSA (huile 5W30, filtres, bougies x3, refroidissement, essuie-glaces), nettoyage crépine carter huile",entretien,1498.68,299.73,1798.41,54046,1nfHbokqPIxPBdzJZeo-fc935N4m6PrLE,Facture-TJMAX-CAR WORLD CONSULTING FRANCE-F-2025-83.pdf
FA-0364,2023-09-29,GR-467-HP,ELITE AUTO COIGNIERES,1FVN000963,"Achat véhicule neuf DACIA DUSTER TCe 130 FAP 4x2 Prestige, Orange Arizona, VIN VF1HJD20469955083, MEC 01/10/2022, frais de courtage, carte grise",achat,18243.76,3522,21765.76,1,1dfMGzLNnbK0bNr9Y-um9e3YOw_UGOGt6,
FA-0365,2025-12-12,GR-467-HP,KEOS VITROLLES by Autosphere,355302,"Révision + freins + pneus AV : forfait révision NPE, liquide de frein, disques et plaquettes AV, géométrie, 2 pneus Michelin Primacy 5 215/60 R17, balais essuie-glace AV+AR",entretien,1226.99,245.41,1472.4,94137,1rU-QggXwADvXoe2BzNpxv8K__RaBMviR,Facture Pneux et freins .pdf
FA-0366,2025-02-17,GR-467-HP,KEOS MARIGNANE by Autosphere,743726,"Révision Dacia : forfait révision NPE Essentielle intégrale essence (filtres habitacle/air, bougies x4, joint, filtre huile, huile Castrol RN 5W30, lave-glace), prise en charge administrative, recyclage déchets",entretien,488.13,97.63,585.76,61516,1U_9_WnhoyDKALgXPbgdsxeQtS7zVP8nj,FACTURE REVISION DUSTER 60000KM.pdf
FA-0367,2026-04-24,GP-795-YL,GARAGE CLERGUE (Peugeot),1/2604/100188,"Révision (huile 5W30 INEO, filtre habitacle, filtre à huile, joint, lave-glace), bougies, filtre à air, 2 pneus Goodyear 225/55 R18, kit distribution moteur, courroie pompe à eau, joints, vis",entretien,1393.58,278.72,1672.3,135913,1XMK4KA9ya-Cz606PTRO2p4oamastZCcT,TJMAX 1_2604_100188_20260424_152032.pdf
FA-0368,2023-09-22,GP-795-YL,Aramisauto,R403040,"Achat véhicule neuf PEUGEOT 5008 Allure Pack 1.2 Puretech 130 EAT8, Blanc Nacré, VIN VF3MRHNSUPL041923, frais de formalités, immatriculation, livraison Cergy-Pontoise, tatouage",achat,28255.93,5583.83,33839.76,10,1jNF1Lj7ioPLP3_i0gZpMV451POOAZfPN,GP-795-YL FACTURE D ACHAT.pdf
FA-0369,2025-11-24,GP-795-YL,GARAGE CLERGUE (Peugeot),1/2511/100167/1,,entretien,914.2,182.84,1097.04,110827,10AKGi8pAcYi5KCVrheBvdtrMc8dBUwyf,FACTURE STE TJMAX_0030.pdf
FA-0370,2025-06-13,GP-795-YL,GARAGE CLERGUE (Peugeot),1/2506/100090,,entretien,519.83,103.97,623.8,85389,1b5jqadm9Kj6oWTecwPa9fIyZ-VI-hmgk,Facture révision 5008.pdf
FA-0371,2026-04-03,GR-745-LR,CAR WORLD CONSULTING FRANCE,F-2026-440,,sinistre,702.61,140.52,843.13,63201,1cTsAvlYzzg76s6LpjJk5nf44CKqY9_xh,Facture-TJMAX-CAR WORLD CONSULTING FRANCE-F-2026-440.pdf
FA-0372,2026-04-03,GR-745-LR,CAR WORLD CONSULTING FRANCE,F-2026-441,"Remplacement liquide de frein, remplacement liquide de refroidissement, lave-glace, kit protection",entretien,223.9,44.78,268.68,63201,1LLLcrYq1ms5ydH-VGZbba4DY-XBgWP7N,Facture-TJMAX-CAR WORLD CONSULTING FRANCE-F-2026-441.pdf
FA-0373,2026-01-20,GR-745-LR,CAR WORLD CONSULTING FRANCE,F-2026-377,"4 pneus neufs 4 saisons + dépose/pose, montage, valve, équilibrage, pack service premium",entretien,533.55,106.71,640.26,58533,1LtHl85kE7JBWDiiDm6AtQOeG7Pgmuf2o,Facture-TJMAX-CAR WORLD CONSULTING FRANCE-F-2026-377.pdf
FA-0374,2026-01-20,GR-745-LR,CAR WORLD CONSULTING FRANCE,F-2026-378,,réparation,76.59,15.32,91.91,58533,1hhtLXijWes1m5JOZK_8X_v8ZZ95L56m4,Facture-TJMAX-CAR WORLD CONSULTING FRANCE-F-2026-378.pdf
FA-0375,2026-01-20,GR-745-LR,CAR WORLD CONSULTING FRANCE,F-2026-376,,réparation,561.71,112.35,674.06,58533,1yog1zkS22lzhQSGsBKE-jKYWtpvOkAPM,Facture-TJMAX-CAR WORLD CONSULTING FRANCE-F-2026-376.pdf
FA-0376,2025-12-11,GR-745-LR,CAR WORLD CONSULTING FRANCE,F-2025-324,"2 pneus neufs (pièces + MO), plaquettes de frein AV (pièces + MO), balais essuie-glaces AV+AR, pack service premium offert",entretien,482.59,96.52,579.11,56115,1doV9X3Frwtyg_iUA49zQ9ut3XgbIykzO,Facture-TJMAX-CAR WORLD CONSULTING FRANCE-F-2025-324.pdf
FA-0377,2025-12-11,GR-745-LR,CAR WORLD CONSULTING FRANCE,F-2025-325,,réparation,141.3,28.26,169.56,56115,1xaNpuAAxQ0rliYUv00H3KCICsEfrry1H,Facture-TJMAX-CAR WORLD CONSULTING FRANCE-F-2025-325.pdf
FA-0378,2025-12-10,GR-745-LR,CAR WORLD CONSULTING FRANCE,F-2025-321,"Révision constructeur, pack air pur & sain Dacia (filtre habitacle, climatisation), remplacement liquide refroidissement, pack service premium offert",entretien,257.94,51.59,309.53,56051,10mvtH7tl2CvBFWmqCGMXipquMZALfnzE,Facture-TJMAX-CAR WORLD CONSULTING FRANCE-F-2025-321.pdf
FA-0379,2025-09-01,GR-745-LR,CAR WORLD CONSULTING FRANCE,F-2025-270,Bouchon réservoir liquide de frein constructeur,réparation,49,9.8,58.8,46553,1Z13oVwWTF-5pf3VS8SxD8pm4j0xqm-bP,Facture-TJMAX-CAR WORLD CONSULTING FRANCE-F-2025-270.pdf
FA-0380,2025-08-01,GR-745-LR,CAR WORLD CONSULTING FRANCE,F-2025-256,"Révision garantie constructeur intégrale (filtre habitacle, diag électronique/batterie, lave-glace, fluides), pack air pur & sain, balais essuie-glaces AV+AR, pack service premium offert",entretien,213.9,42.78,256.68,46553,1nrw_SWbkbNozUo84EbejWbEgMksJP10m,Facture-TJMAX-CAR WORLD CONSULTING FRANCE-F-2025-256.pdf
FA-0381,2025-08-06,GR-745-LR,CAR WORLD CONSULTING FRANCE,F-2025-257,"Remplacement freinage : frein tambour AR gauche/droit, jeu de mach avec cylindre, bouchon réservoir liquide de frein, remplacement liquide de frein, pack service premium offert",réparation,490.9,98.18,589.08,46995,1qPfxQ1GyqYwcpc8ru9KZlF-bXW2Gbucf,Facture-TJMAX-CAR WORLD CONSULTING FRANCE-F-2025-257.pdf
FA-0382,2025-05-21,GR-745-LR,CAR WORLD CONSULTING FRANCE,F-2025-191,"Système complet ouverture trappe Renault, opération complexe (1h), participation énergie et traitement déchets",réparation,230,46,276,42503,1Dy0ca-BCjofSsNzWUOTuYHpyGLkJLV7R,Facture-TJMAX-CAR WORLD CONSULTING FRANCE-F-2025-191.pdf
FA-0383,2025-02-04,GR-745-LR,CAR WORLD CONSULTING FRANCE,F-2025-121,,réparation,332.33,66.47,398.8,34100,1AcNcm1cSPP1M5HaEuR4L8V2JnOzyZVzm,Facture-TJMAX-CAR WORLD CONSULTING FRANCE-F-2025-121.pdf
FA-0384,2023-08-31,GR-745-LR,AUTOJM,0826184,"Achat véhicule neuf DACIA SPRING EXPRESSION ELECTRIC 45, peinture Noir Maga, VIN UU1DBG009NU112685 + forfait sérénité, estimation carte grise, forfait Liberté (acompte 500€, reprise 19338€, bonus écologique 1099,50€)",achat,18638.26,3700,22351.76,14,1q-2I3zN6oSailaobaY4FvK0dcI0nN9Rb,GR-745-LR FACTURE D ACHAT.pdf